iso_code,continent,location,date,total_cases,new_cases,new_cases_smoothed,total_deaths,new_deaths,new_deaths_smoothed,total_cases_per_million,new_cases_per_million,new_cases_smoothed_per_million,total_deaths_per_million,new_deaths_per_million,new_deaths_smoothed_per_million,reproduction_rate,icu_patients,icu_patients_per_million,hosp_patients,hosp_patients_per_million,weekly_icu_admissions,weekly_icu_admissions_per_million,weekly_hosp_admissions,weekly_hosp_admissions_per_million,total_tests,new_tests,total_tests_per_thousand,new_tests_per_thousand,new_tests_smoothed,new_tests_smoothed_per_thousand,tests_per_case,positive_rate,tests_units,stringency_index,population,population_density,median_age,aged_65_older,aged_70_older,gdp_per_capita,extreme_poverty,cardiovasc_death_rate,diabetes_prevalence,female_smokers,male_smokers,handwashing_facilities,hospital_beds_per_thousand,life_expectancy,human_development_index
FRA,Europe,France,2020-03-01,100,43,12.571,2,0,0.143,1.532,0.659,0.193,0.031,0,0.002,2.5,9,0.138,116,1.777,,,,,,,,,,,,,,31.94,65273512,122.578,42,19.718,13.079,38605.671,,86.06,4.77,30.1,35.6,,5.98,82.66,0.901
FRA,Europe,France,2020-03-02,130,30,16.857,2,0,0.143,1.992,0.46,0.258,0.031,0,0.002,2.51,,,0,0,,,,,,,,,,,,,,41.2,65273512,122.578,42,19.718,13.079,38605.671,,86.06,4.77,30.1,35.6,,5.98,82.66,0.901
FRA,Europe,France,2020-03-03,178,48,23.714,3,1,0.286,2.727,0.735,0.363,0.046,0.015,0.004,2.5,,,0,0,,,,,,,,,,,,,,41.2,65273512,122.578,42,19.718,13.079,38605.671,,86.06,4.77,30.1,35.6,,5.98,82.66,0.901
FRA,Europe,France,2020-03-04,212,34,28.286,4,1,0.429,3.248,0.521,0.433,0.061,0.015,0.007,2.51,15,0.23,0,0,,,,,,,,,,,,,,41.2,65273512,122.578,42,19.718,13.079,38605.671,,86.06,4.77,30.1,35.6,,5.98,82.66,0.901
FRA,Europe,France,2020-03-05,285,73,38.286,4,0,0.286,4.366,1.118,0.587,0.061,0,0.004,2.51,23,0.352,0,0,,,,,,,,,,,,,,41.2,65273512,122.578,42,19.718,13.079,38605.671,,86.06,4.77,30.1,35.6,,5.98,82.66,0.901
FRA,Europe,France,2020-03-06,423,138,55,7,3,0.714,6.48,2.114,0.843,0.107,0.046,0.011,2.51,39,0.597,0,0,,,,,,,,,,,,,,41.2,65273512,122.578,42,19.718,13.079,38605.671,,86.06,4.77,30.1,35.6,,5.98,82.66,0.901
FRA,Europe,France,2020-03-07,613,190,79.429,9,2,1,9.391,2.911,1.217,0.138,0.031,0.015,2.49,45,0.689,0,0,,,,,,,,,,,,,,41.2,65273512,122.578,42,19.718,13.079,38605.671,,86.06,4.77,30.1,35.6,,5.98,82.66,0.901
FRA,Europe,France,2020-03-08,716,103,88,10,1,1.143,10.969,1.578,1.348,0.153,0.015,0.018,2.46,,,,,,,,,,,,,,,,,,41.2,65273512,122.578,42,19.718,13.079,38605.671,,86.06,4.77,30.1,35.6,,5.98,82.66,0.901
FRA,Europe,France,2020-03-09,1126,410,142.286,19,9,2.429,17.25,6.281,2.18,0.291,0.138,0.037,2.44,66,1.011,,,,,,,,,,,,,,,,41.2,65273512,122.578,42,19.718,13.079,38605.671,,86.06,4.77,30.1,35.6,,5.98,82.66,0.901
FRA,Europe,France,2020-03-10,1412,286,176.286,30,11,3.857,21.632,4.382,2.701,0.46,0.169,0.059,2.42,86,1.318,0,0,,,,,,,,,,,,,,41.2,65273512,122.578,42,19.718,13.079,38605.671,,86.06,4.77,30.1,35.6,,5.98,82.66,0.901
FRA,Europe,France,2020-03-11,1784,372,224.571,33,3,4.143,27.331,5.699,3.44,0.506,0.046,0.063,2.4,105,1.609,0,0,,,,,,,,,,,,,,41.2,65273512,122.578,42,19.718,13.079,38605.671,,86.06,4.77,30.1,35.6,,5.98,82.66,0.901
FRA,Europe,France,2020-03-12,2281,497,285.143,48,15,6.286,34.945,7.614,4.368,0.735,0.23,0.096,2.37,129,1.976,0,0,,,,,,,,,,,,,,41.2,65273512,122.578,42,19.718,13.079,38605.671,,86.06,4.77,30.1,35.6,,5.98,82.66,0.901
FRA,Europe,France,2020-03-13,2876,595,350.429,61,13,7.714,44.061,9.115,5.369,0.935,0.199,0.118,2.35,,,0,0,,,,,,,,,,,,,,41.2,65273512,122.578,42,19.718,13.079,38605.671,,86.06,4.77,30.1,35.6,,5.98,82.66,0.901
FRA,Europe,France,2020-03-14,3661,785,435.429,79,18,10,56.087,12.026,6.671,1.21,0.276,0.153,2.31,300,4.596,0,0,,,,,,,,,,,,,,46.76,65273512,122.578,42,19.718,13.079,38605.671,,86.06,4.77,30.1,35.6,,5.98,82.66,0.901
FRA,Europe,France,2020-03-15,4499,838,540.429,91,12,11.571,68.925,12.838,8.279,1.394,0.184,0.177,2.28,,,400,6.128,,,,,,,,,,,,,,46.76,65273512,122.578,42,19.718,13.079,38605.671,,86.06,4.77,30.1,35.6,,5.98,82.66,0.901
FRA,Europe,France,2020-03-16,5423,924,613.857,127,36,15.429,83.081,14.156,9.404,1.946,0.552,0.236,2.25,,,0,0,,,,,,,,,,,,,,54.17,65273512,122.578,42,19.718,13.079,38605.671,,86.06,4.77,30.1,35.6,,5.98,82.66,0.901
FRA,Europe,France,2020-03-17,6633,1210,745.857,148,21,16.857,101.619,18.537,11.427,2.267,0.322,0.258,2.21,699,10.709,2579,39.511,,,,,,,,,,,,,,87.96,65273512,122.578,42,19.718,13.079,38605.671,,86.06,4.77,30.1,35.6,,5.98,82.66,0.901
FRA,Europe,France,2020-03-18,7730,1097,849.429,175,27,20.286,118.425,16.806,13.013,2.681,0.414,0.311,2.17,771,11.812,2972,45.531,,,,,,,,,,,,,,87.96,65273512,122.578,42,19.718,13.079,38605.671,,86.06,4.77,30.1,35.6,,5.98,82.66,0.901
FRA,Europe,France,2020-03-19,9134,1404,979,244,69,28,139.934,21.509,14.998,3.738,1.057,0.429,2.13,1002,15.351,4073,62.399,,,,,,,,,,,,,,87.96,65273512,122.578,42,19.718,13.079,38605.671,,86.06,4.77,30.1,35.6,,5.98,82.66,0.901
FRA,Europe,France,2020-03-20,10995,1861,1159.857,372,128,44.429,168.445,28.511,17.769,5.699,1.961,0.681,2.09,1297,19.87,5226,80.063,,,,,,,,,,,,,,87.96,65273512,122.578,42,19.718,13.079,38605.671,,86.06,4.77,30.1,35.6,,5.98,82.66,0.901
FRA,Europe,France,2020-03-21,12612,1617,1278.714,450,78,53,193.218,24.773,19.59,6.894,1.195,0.812,2.05,1453,22.26,5900,90.389,,,,,,,,,,,,,,87.96,65273512,122.578,42,19.718,13.079,38605.671,,86.06,4.77,30.1,35.6,,5.98,82.66,0.901
FRA,Europe,France,2020-03-22,14459,1847,1422.857,562,112,67.286,221.514,28.296,21.798,8.61,1.716,1.031,2.02,1674,25.646,6954,106.536,1253.595,19.205,6388.756,97.877,,,,,,,,,,87.96,65273512,122.578,42,19.718,13.079,38605.671,,86.06,4.77,30.1,35.6,,5.98,82.66,0.901
FRA,Europe,France,2020-03-23,16018,1559,1513.571,674,112,78.143,245.398,23.884,23.188,10.326,1.716,1.197,1.98,2080,31.866,8673,132.872,,,,,,,,,,,,,,87.96,65273512,122.578,42,19.718,13.079,38605.671,,86.06,4.77,30.1,35.6,,5.98,82.66,0.901
FRA,Europe,France,2020-03-24,19856,3838,1889,860,186,101.714,304.197,58.799,28.94,13.175,2.85,1.558,1.94,2516,38.545,10176,155.898,,,,,,,,,,,,,,87.96,65273512,122.578,42,19.718,13.079,38605.671,,86.06,4.77,30.1,35.6,,5.98,82.66,0.901
FRA,Europe,France,2020-03-25,22302,2446,2081.714,1100,240,132.143,341.67,37.473,31.892,16.852,3.677,2.024,1.91,2935,44.965,12072,184.945,,,,,,,,,,,,,,87.96,65273512,122.578,42,19.718,13.079,38605.671,,86.06,4.77,30.1,35.6,,5.98,82.66,0.901
FRA,Europe,France,2020-03-26,25233,2931,2299.857,1331,231,155.286,386.573,44.903,35.234,20.391,3.539,2.379,1.87,3351,51.338,13879,212.628,,,,,,,,,,,,,,87.96,65273512,122.578,42,19.718,13.079,38605.671,,86.06,4.77,30.1,35.6,,5.98,82.66,0.901
FRA,Europe,France,2020-03-27,29155,3922,2594.286,1696,365,189.143,446.659,60.086,39.745,25.983,5.592,2.898,1.83,3758,57.573,15701,240.542,,,,,,,,,,,,,,87.96,65273512,122.578,42,19.718,13.079,38605.671,,86.06,4.77,30.1,35.6,,5.98,82.66,0.901
FRA,Europe,France,2020-03-28,32964,3809,2907.429,1995,299,220.714,505.013,58.354,44.542,30.564,4.581,3.381,1.8,4236,64.896,17580,269.328,,,,,,,,,,,,,,87.96,65273512,122.578,42,19.718,13.079,38605.671,,86.06,4.77,30.1,35.6,,5.98,82.66,0.901
FRA,Europe,France,2020-03-29,37575,4611,3302.286,2314,319,250.286,575.655,70.641,50.592,35.451,4.887,3.834,1.76,4592,70.35,19311,295.847,3977.997,60.944,18753.274,287.303,,,,,,,,,,87.96,65273512,122.578,42,19.718,13.079,38605.671,,86.06,4.77,30.1,35.6,,5.98,82.66,0.901
FRA,Europe,France,2020-03-30,40174,2599,3450.857,2606,292,276,615.472,39.817,52.868,39.924,4.473,4.228,1.73,5056,77.459,20946,320.896,,,,,,,,,,,,,,87.96,65273512,122.578,42,19.718,13.079,38605.671,,86.06,4.77,30.1,35.6,,5.98,82.66,0.901
FRA,Europe,France,2020-03-31,44550,4376,3527.714,3024,418,309.143,682.513,67.041,54.045,46.328,6.404,4.736,1.7,5496,84.2,22672,347.338,,,,,,,,,,,,,,87.96,65273512,122.578,42,19.718,13.079,38605.671,,86.06,4.77,30.1,35.6,,5.98,82.66,0.901
FRA,Europe,France,2020-04-01,52128,7578,4260.857,3523,499,346.143,798.609,116.096,65.277,53.973,7.645,5.303,1.66,5940,91.002,24543,376.002,,,,,,,,,,,,,,87.96,65273512,122.578,42,19.718,13.079,38605.671,,86.06,4.77,30.1,35.6,,5.98,82.66,0.901
FRA,Europe,France,2020-04-02,56989,4861,4536.571,4032,509,385.857,873.08,74.471,69.501,61.771,7.798,5.911,1.62,6305,96.594,26131,400.331,,,,,,,,,,,,,,87.96,65273512,122.578,42,19.718,13.079,38605.671,,86.06,4.77,30.1,35.6,,5.98,82.66,0.901
FRA,Europe,France,2020-04-03,59105,2116,4278.571,4503,471,401,905.497,32.417,65.548,68.987,7.216,6.143,1.59,6556,100.439,27302,418.271,,,,,,,,,,,,,,87.96,65273512,122.578,42,19.718,13.079,38605.671,,86.06,4.77,30.1,35.6,,5.98,82.66,0.901
FRA,Europe,France,2020-04-04,64338,5233,4482,6507,2004,644.571,985.668,80.17,68.665,99.688,30.702,9.875,1.56,6723,102.997,28003,429.01,,,,,,,,,,,,,,87.96,65273512,122.578,42,19.718,13.079,38605.671,,86.06,4.77,30.1,35.6,,5.98,82.66,0.901
FRA,Europe,France,2020-04-05,68605,4267,4432.857,7560,1053,749.429,1051.039,65.371,67.912,115.82,16.132,11.481,1.54,6859,105.081,28747,440.408,4375.407,67.032,21358.842,327.221,,,,,,,,,,87.96,65273512,122.578,42,19.718,13.079,38605.671,,86.06,4.77,30.1,35.6,,5.98,82.66,0.901
FRA,Europe,France,2020-04-06,70478,1873,4329.143,8078,518,781.714,1079.734,28.695,66.323,123.756,7.936,11.976,1.51,6948,106.444,29569,453.002,,,,,,,,,,,,,,87.96,65273512,122.578,42,19.718,13.079,38605.671,,86.06,4.77,30.1,35.6,,5.98,82.66,0.901
FRA,Europe,France,2020-04-07,74390,3912,4262.857,8911,833,841,1139.666,59.932,65.308,136.518,12.762,12.884,1.49,7004,107.302,29871,457.628,,,,,,,,,,,,,,87.96,65273512,122.578,42,19.718,13.079,38605.671,,86.06,4.77,30.1,35.6,,5.98,82.66,0.901
FRA,Europe,France,2020-04-08,78167,3777,3719.857,10328,1417,972.143,1197.53,57.864,56.989,158.227,21.709,14.893,1.47,7019,107.532,30217,462.929,,,,,,,,,,,,,,87.96,65273512,122.578,42,19.718,13.079,38605.671,,86.06,4.77,30.1,35.6,,5.98,82.66,0.901
FRA,Europe,France,2020-04-09,82048,3881,3579.857,10869,541,976.714,1256.988,59.458,54.844,166.515,8.288,14.963,1.45,6937,106.276,30608,468.919,,,,,,,,,,,,,,87.96,65273512,122.578,42,19.718,13.079,38605.671,,86.06,4.77,30.1,35.6,,5.98,82.66,0.901
FRA,Europe,France,2020-04-10,86334,4286,3889.857,12210,1341,1101,1322.65,65.662,59.593,187.059,20.544,16.867,1.44,6875,105.326,31108,476.579,,,,,,,,,,,,,,87.96,65273512,122.578,42,19.718,13.079,38605.671,,86.06,4.77,30.1,35.6,,5.98,82.66,0.901
FRA,Europe,France,2020-04-11,90676,4342,3762.571,13197,987,955.714,1389.17,66.52,57.643,202.18,15.121,14.642,1.42,6752,103.442,31159,477.361,,,,,,,,,,,,,,87.96,65273512,122.578,42,19.718,13.079,38605.671,,86.06,4.77,30.1,35.6,,5.98,82.66,0.901
FRA,Europe,France,2020-04-12,93790,3114,3597.857,13832,635,896,1436.877,47.707,55.12,211.908,9.728,13.727,1.41,6714,102.859,31665,485.113,2681.544,41.082,16917.2,259.174,,,,,,,,,,87.96,65273512,122.578,42,19.718,13.079,38605.671,,86.06,4.77,30.1,35.6,,5.98,82.66,0.901
FRA,Europe,France,2020-04-13,95403,1613,3560.714,14393,561,902.143,1461.588,24.711,54.551,220.503,8.595,13.821,1.37,6690,102.492,31952,489.509,,,,,,,,,,,,,,87.96,65273512,122.578,42,19.718,13.079,38605.671,,86.06,4.77,30.1,35.6,,5.98,82.66,0.901
FRA,Europe,France,2020-04-14,98076,2673,3383.714,14967,574,865.143,1502.539,40.951,51.839,229.297,8.794,13.254,1.34,6599,101.098,32131,492.252,,,,,,,,,,,,,,87.96,65273512,122.578,42,19.718,13.079,38605.671,,86.06,4.77,30.1,35.6,,5.98,82.66,0.901
FRA,Europe,France,2020-04-15,103573,5497,3629.429,15729,762,771.571,1586.754,84.215,55.603,240.971,11.674,11.821,1.3,6331,96.992,31623,484.469,,,,,,,,,,,,,,87.96,65273512,122.578,42,19.718,13.079,38605.671,,86.06,4.77,30.1,35.6,,5.98,82.66,0.901
FRA,Europe,France,2020-04-16,106206,2633,3451.143,17167,1438,899.714,1627.092,40.338,52.872,263.001,22.03,13.784,1.28,6139,94.05,31172,477.56,,,,,,,,,,,,,,87.96,65273512,122.578,42,19.718,13.079,38605.671,,86.06,4.77,30.1,35.6,,5.98,82.66,0.901
FRA,Europe,France,2020-04-17,108847,2641,3216.143,17920,753,815.714,1667.552,40.461,49.272,274.537,11.536,12.497,1.24,5922,90.726,31061,475.859,,,,,,,,,,,,,,87.96,65273512,122.578,42,19.718,13.079,38605.671,,86.06,4.77,30.1,35.6,,5.98,82.66,0.901
FRA,Europe,France,2020-04-18,109252,405,2653.714,18681,761,783.429,1673.757,6.205,40.655,286.196,11.659,12.002,1.21,5733,87.83,30515,467.494,,,,,,,,,,,,,,87.96,65273512,122.578,42,19.718,13.079,38605.671,,86.06,4.77,30.1,35.6,,5.98,82.66,0.901
FRA,Europe,France,2020-04-19,111821,2569,2575.857,19323,642,784.429,1713.115,39.357,39.463,296.031,9.836,12.018,1.19,5644,86.467,30486,467.05,1598.407,24.488,10775.851,165.088,,,,,,,,,,87.96,65273512,122.578,42,19.718,13.079,38605.671,,86.06,4.77,30.1,35.6,,5.98,82.66,0.901
FRA,Europe,France,2020-04-20,112606,785,2457.571,19718,395,760.714,1725.141,12.026,37.65,302.083,6.051,11.654,1.16,5584,85.548,30462,466.682,,,,,,,,,,,,,,87.96,65273512,122.578,42,19.718,13.079,38605.671,,86.06,4.77,30.1,35.6,,5.98,82.66,0.901
FRA,Europe,France,2020-04-21,114657,2051,2368.714,20265,547,756.857,1756.562,31.422,36.289,310.463,8.38,11.595,1.14,5334,81.718,29984,459.359,,,,,,,,,,,,,,87.96,65273512,122.578,42,19.718,13.079,38605.671,,86.06,4.77,30.1,35.6,,5.98,82.66,0.901
FRA,Europe,France,2020-04-22,117324,2667,1964.429,20796,531,723.857,1797.421,40.859,30.095,318.598,8.135,11.09,1.12,5127,78.546,29627,453.89,,,,,,,,,,,,,,87.96,65273512,122.578,42,19.718,13.079,38605.671,,86.06,4.77,30.1,35.6,,5.98,82.66,0.901
FRA,Europe,France,2020-04-23,119151,1827,1849.286,21340,544,596.143,1825.411,27.99,28.331,326.932,8.334,9.133,1.11,4967,76.095,29113,446.016,,,,,,,,,,,,,,87.96,65273512,122.578,42,19.718,13.079,38605.671,,86.06,4.77,30.1,35.6,,5.98,82.66,0.901
FRA,Europe,France,2020-04-24,120804,1653,1708.143,21856,516,562.286,1850.735,25.324,26.169,334.837,7.905,8.614,1.09,4785,73.307,28554,437.452,,,,,,,,,,,,,,87.96,65273512,122.578,42,19.718,13.079,38605.671,,86.06,4.77,30.1,35.6,,5.98,82.66,0.901
FRA,Europe,France,2020-04-25,122577,1773,1903.571,22245,389,509.143,1877.898,27.163,29.163,340.797,5.96,7.8,1.07,4641,71.101,28119,430.787,,,,,,,,,,,,,,87.96,65273512,122.578,42,19.718,13.079,38605.671,,86.06,4.77,30.1,35.6,,5.98,82.66,0.901
FRA,Europe,France,2020-04-26,124114,1537,1756.143,22614,369,470.143,1901.445,23.547,26.904,346.45,5.653,7.203,1.06,4598,70.442,28114,430.711,1088.007,16.668,7789.432,119.335,,,,,,,,,,87.96,65273512,122.578,42,19.718,13.079,38605.671,,86.06,4.77,30.1,35.6,,5.98,82.66,0.901
FRA,Europe,France,2020-04-27,124575,461,1709.857,22856,242,448.286,1908.508,7.063,26.195,350.157,3.707,6.868,1.05,4526,69.339,27954,428.259,,,,,,,,,,,,,,87.96,65273512,122.578,42,19.718,13.079,38605.671,,86.06,4.77,30.1,35.6,,5.98,82.66,0.901
FRA,Europe,France,2020-04-28,125770,1195,1587.571,23293,437,432.571,1926.815,18.308,24.322,356.852,6.695,6.627,1.04,4392,67.286,27607,422.943,,,,,,,,,,,,,,87.96,65273512,122.578,42,19.718,13.079,38605.671,,86.06,4.77,30.1,35.6,,5.98,82.66,0.901
FRA,Europe,France,2020-04-29,126835,1065,1358.714,23660,367,409.143,1943.131,16.316,20.816,362.475,5.622,6.268,1.02,4128,63.242,26736,409.6,,,,,,,,,,,,,,87.96,65273512,122.578,42,19.718,13.079,38605.671,,86.06,4.77,30.1,35.6,,5.98,82.66,0.901
FRA,Europe,France,2020-04-30,128442,1607,1327.286,24087,427,392.429,1967.751,24.619,20.334,369.016,6.542,6.012,1.01,3947,60.469,26192,401.265,,,,,,,,,,,,,,87.96,65273512,122.578,42,19.718,13.079,38605.671,,86.06,4.77,30.1,35.6,,5.98,82.66,0.901
FRA,Europe,France,2020-05-01,129581,1139,1253.857,24376,289,360,1985.2,17.45,19.209,373.444,4.428,5.515,1,3819,58.508,25809,395.398,,,,,,,,,,,,,,87.96,65273512,122.578,42,19.718,13.079,38605.671,,86.06,4.77,30.1,35.6,,5.98,82.66,0.901
FRA,Europe,France,2020-05-02,130185,604,1086.857,24594,218,335.571,1994.454,9.253,16.651,376.784,3.34,5.141,0.99,3770,57.757,25751,394.509,,,,,,,,,,,,,,87.96,65273512,122.578,42,19.718,13.079,38605.671,,86.06,4.77,30.1,35.6,,5.98,82.66,0.901
FRA,Europe,France,2020-05-03,130979,794,980.714,24760,166,306.571,2006.618,12.164,15.025,379.327,2.543,4.697,0.99,3762,57.634,25739,394.325,707.156,10.834,4689.049,71.837,,,,,,,,,,87.96,65273512,122.578,42,19.718,13.079,38605.671,,86.06,4.77,30.1,35.6,,5.98,82.66,0.901
FRA,Europe,France,2020-05-04,131287,308,958.857,24895,135,291.286,2011.337,4.719,14.69,381.395,2.068,4.463,0.98,3639,55.75,25472,390.235,,,,,,,,,,,,,,87.96,65273512,122.578,42,19.718,13.079,38605.671,,86.06,4.77,30.1,35.6,,5.98,82.66,0.901
FRA,Europe,France,2020-05-05,131863,576,870.429,25201,306,272.571,2020.161,8.824,13.335,386.083,4.688,4.176,0.98,3375,51.706,24701,378.423,,,,,,,,,,,,,,87.96,65273512,122.578,42,19.718,13.079,38605.671,,86.06,4.77,30.1,35.6,,5.98,82.66,0.901
FRA,Europe,France,2020-05-06,132967,1104,876,25531,330,267.286,2037.074,16.913,13.42,391.139,5.056,4.095,0.98,3095,47.416,23912,366.335,,,,,,,,,,,,,,87.96,65273512,122.578,42,19.718,13.079,38605.671,,86.06,4.77,30.1,35.6,,5.98,82.66,0.901
FRA,Europe,France,2020-05-07,137150,4183,1244,25809,278,246,2101.159,64.084,19.058,395.398,4.259,3.769,0.98,2911,44.597,23139,354.493,,,,,,,,,,,,,,87.96,65273512,122.578,42,19.718,13.079,38605.671,,86.06,4.77,30.1,35.6,,5.98,82.66,0.901
FRA,Europe,France,2020-05-08,137779,629,1171.143,25987,178,230.143,2110.795,9.636,17.942,398.125,2.727,3.526,0.97,2820,43.203,22657,347.109,,,,,,,,,,,,,,87.96,65273512,122.578,42,19.718,13.079,38605.671,,86.06,4.77,30.1,35.6,,5.98,82.66,0.901
FRA,Europe,France,2020-05-09,138421,642,1176.571,26230,243,233.714,2120.63,9.836,18.025,401.848,3.723,3.581,0.96,2764,42.345,22547,345.423,,,,,,,,,,,,,,87.96,65273512,122.578,42,19.718,13.079,38605.671,,86.06,4.77,30.1,35.6,,5.98,82.66,0.901
FRA,Europe,France,2020-05-10,138854,433,1125,26310,80,221.429,2127.264,6.634,17.235,403.073,1.226,3.392,0.96,2728,41.793,22502,344.734,514.295,7.879,3154.929,48.334,,,,,,,,,,87.96,65273512,122.578,42,19.718,13.079,38605.671,,86.06,4.77,30.1,35.6,,5.98,82.66,0.901
FRA,Europe,France,2020-05-11,139063,209,1110.857,26380,70,212.143,2130.466,3.202,17.018,404.146,1.072,3.25,0.96,2666,40.844,22219,340.398,,,,,,,,,,,,,,76.85,65273512,122.578,42,19.718,13.079,38605.671,,86.06,4.77,30.1,35.6,,5.98,82.66,0.901
FRA,Europe,France,2020-05-12,139519,456,1093.714,26643,263,206,2137.452,6.986,16.756,408.175,4.029,3.156,0.96,2496,38.239,21530,329.843,,,,,,,,,,,,,,76.85,65273512,122.578,42,19.718,13.079,38605.671,,86.06,4.77,30.1,35.6,,5.98,82.66,0.901
FRA,Europe,France,2020-05-13,140227,708,1037.143,26991,348,208.571,2148.299,10.847,15.889,413.506,5.331,3.195,0.97,2385,36.539,21009,321.861,,,,,,40034,,0.613,,,,,tests performed,76.85,65273512,122.578,42,19.718,13.079,38605.671,,86.06,4.77,30.1,35.6,,5.98,82.66,0.901
FRA,Europe,France,2020-05-14,140734,507,512,27074,83,180.714,2156.066,7.767,7.844,414.778,1.272,2.769,0.97,2256,34.562,20401,312.546,,,,,,43335,,0.664,,,,,tests performed,76.85,65273512,122.578,42,19.718,13.079,38605.671,,86.06,4.77,30.1,35.6,,5.98,82.66,0.901
FRA,Europe,France,2020-05-15,141356,622,511,27425,351,205.429,2165.595,9.529,7.829,420.155,5.377,3.147,0.97,2162,33.122,19801,303.354,,,,,,48657,,0.745,,,,,tests performed,76.85,65273512,122.578,42,19.718,13.079,38605.671,,86.06,4.77,30.1,35.6,,5.98,82.66,0.901
FRA,Europe,France,2020-05-16,141919,563,499.714,27555,130,189.286,2174.22,8.625,7.656,422.147,1.992,2.9,0.98,2091,32.034,19372,296.782,,,,,,16731,,0.256,,,,,tests performed,76.85,65273512,122.578,42,19.718,13.079,38605.671,,86.06,4.77,30.1,35.6,,5.98,82.66,0.901
FRA,Europe,France,2020-05-17,142291,372,491,27643,88,190.429,2179.919,5.699,7.522,423.495,1.348,2.917,0.99,2047,31.36,19302,295.71,417.865,6.402,2465.306,37.769,,6692,,0.103,,,,,tests performed,76.85,65273512,122.578,42,19.718,13.079,38605.671,,86.06,4.77,30.1,35.6,,5.98,82.66,0.901
FRA,Europe,France,2020-05-18,142411,120,478.286,27711,68,190.143,2181.758,1.838,7.327,424.537,1.042,2.913,1,1958,29.997,18956,290.409,,,,,,52164,,0.799,,,,,tests performed,76.85,65273512,122.578,42,19.718,13.079,38605.671,,86.06,4.77,30.1,35.6,,5.98,82.66,0.901
FRA,Europe,France,2020-05-19,142903,492,483.429,27897,186,179.143,2189.295,7.538,7.406,427.386,2.85,2.744,1.01,1854,28.404,18409,282.029,,,,,,51811,,0.794,37061,0.568,76.663,0.013,tests performed,76.85,65273512,122.578,42,19.718,13.079,38605.671,,86.06,4.77,30.1,35.6,,5.98,82.66,0.901
FRA,Europe,France,2020-05-20,143427,524,457.143,28022,125,147.286,2197.323,8.028,7.003,429.301,1.915,2.256,1.03,1754,26.872,17882,273.955,,,,,,54149,,0.83,39077,0.599,85.481,0.012,tests performed,76.85,65273512,122.578,42,19.718,13.079,38605.671,,86.06,4.77,30.1,35.6,,5.98,82.66,0.901
FRA,Europe,France,2020-05-21,143845,418,444.429,28132,110,151.143,2203.727,6.404,6.809,430.986,1.685,2.316,1.04,1708,26.167,17527,268.516,,,,,,9766,,0.15,34281,0.525,77.135,0.013,tests performed,76.85,65273512,122.578,42,19.718,13.079,38605.671,,86.06,4.77,30.1,35.6,,5.98,82.66,0.901
FRA,Europe,France,2020-05-22,144163,318,401,28215,83,112.857,2208.599,4.872,6.143,432.258,1.272,1.729,1.05,1664,25.493,17327,265.452,,,,,,51342,,0.787,34665,0.531,86.446,0.012,tests performed,76.85,65273512,122.578,42,19.718,13.079,38605.671,,86.06,4.77,30.1,35.6,,5.98,82.66,0.901
FRA,Europe,France,2020-05-23,144566,403,378.143,28289,74,104.857,2214.773,6.174,5.793,433.392,1.134,1.606,1.07,1628,24.941,17122,262.312,,,,,,19264,,0.295,35027,0.537,92.629,0.011,tests performed,76.85,65273512,122.578,42,19.718,13.079,38605.671,,86.06,4.77,30.1,35.6,,5.98,82.66,0.901
FRA,Europe,France,2020-05-24,144806,240,359.286,28332,43,98.429,2218.45,3.677,5.504,434.05,0.659,1.508,1.09,1618,24.788,17129,262.419,261.044,3.999,1725.032,26.428,,7221,,0.111,35102,0.538,97.699,0.01,tests performed,76.85,65273512,122.578,42,19.718,13.079,38605.671,,86.06,4.77,30.1,35.6,,5.98,82.66,0.901
FRA,Europe,France,2020-05-25,144921,115,358.571,28367,35,93.714,2220.211,1.762,5.493,434.587,0.536,1.436,1.11,1572,24.083,16742,256.49,,,,,,52550,,0.805,35158,0.539,98.05,0.01,tests performed,76.85,65273512,122.578,42,19.718,13.079,38605.671,,86.06,4.77,30.1,35.6,,5.98,82.66,0.901
FRA,Europe,France,2020-05-26,145279,358,339.429,28432,65,76.429,2225.696,5.485,5.2,435.583,0.996,1.171,1.13,1519,23.271,16209,248.324,,,,,,54656,,0.837,35564,0.545,104.776,0.01,tests performed,75,65273512,122.578,42,19.718,13.079,38605.671,,86.06,4.77,30.1,35.6,,5.98,82.66,0.901
FRA,Europe,France,2020-05-27,145555,276,304,28530,98,72.571,2229.924,4.228,4.657,437.084,1.501,1.112,1.16,1467,22.475,15627,239.408,,,,,,47307,,0.725,34587,0.53,113.773,0.009,tests performed,75,65273512,122.578,42,19.718,13.079,38605.671,,86.06,4.77,30.1,35.6,,5.98,82.66,0.901
FRA,Europe,France,2020-05-28,145746,191,271.571,28596,66,66.286,2232.851,2.926,4.161,438.095,1.011,1.016,1.18,1395,21.372,15155,232.177,,,,,,45196,,0.692,39648,0.607,145.995,0.007,tests performed,75,65273512,122.578,42,19.718,13.079,38605.671,,86.06,4.77,30.1,35.6,,5.98,82.66,0.901
FRA,Europe,France,2020-05-29,149071,3325,701.143,28662,66,63.857,2283.79,50.939,10.742,439.106,1.011,0.978,1.17,1328,20.345,14643,224.333,,,,,,50136,,0.768,39476,0.605,56.302,0.018,tests performed,75,65273512,122.578,42,19.718,13.079,38605.671,,86.06,4.77,30.1,35.6,,5.98,82.66,0.901
FRA,Europe,France,2020-05-30,149668,597,728.857,28714,52,60.714,2292.936,9.146,11.166,439.903,0.797,0.93,1.16,1293,19.809,14329,219.522,,,,,,20346,,0.312,39630,0.607,54.373,0.018,tests performed,75,65273512,122.578,42,19.718,13.079,38605.671,,86.06,4.77,30.1,35.6,,5.98,82.66,0.901
FRA,Europe,France,2020-05-31,151496,1828,955.714,28771,57,62.714,2320.941,28.005,14.642,440.776,0.873,0.961,1.14,1287,19.717,14271,218.634,220.134,3.372,1282.816,19.653,,8571,,0.131,39823,0.61,41.668,0.024,tests performed,75,65273512,122.578,42,19.718,13.079,38605.671,,86.06,4.77,30.1,35.6,,5.98,82.66,0.901
FRA,Europe,France,2020-06-01,151753,257,976,28802,31,62.143,2324.879,3.937,14.952,441.251,0.475,0.952,1.13,1270,19.457,14237,218.113,,,,,,10118,,0.155,33761,0.517,34.591,0.029,tests performed,75,65273512,122.578,42,19.718,13.079,38605.671,,86.06,4.77,30.1,35.6,,5.98,82.66,0.901
FRA,Europe,France,2020-06-02,152091,338,973.143,28833,31,57.286,2330.057,5.178,14.909,441.726,0.475,0.878,1.12,1221,18.706,13978,214.145,,,,,,49637,,0.76,33044,0.506,33.956,0.029,tests performed,72.22,65273512,122.578,42,19.718,13.079,38605.671,,86.06,4.77,30.1,35.6,,5.98,82.66,0.901
FRA,Europe,France,2020-06-03,151325,766,824.286,28940,107,58.571,2318.322,-11.735,12.628,443.365,1.639,0.897,1.12,1179,18.062,13465,206.286,,,,,,45553,,0.698,32794,0.502,39.785,0.025,tests performed,72.22,65273512,122.578,42,19.718,13.079,38605.671,,86.06,4.77,30.1,35.6,,5.98,82.66,0.901
FRA,Europe,France,2020-06-04,151677,352,847.286,29021,81,60.714,2323.714,5.393,12.981,444.606,1.241,0.93,1.11,1133,17.358,13054,199.989,,,,,,41933,,0.642,32328,0.495,38.155,0.026,tests performed,72.22,65273512,122.578,42,19.718,13.079,38605.671,,86.06,4.77,30.1,35.6,,5.98,82.66,0.901
FRA,Europe,France,2020-06-05,152444,767,481.857,29065,44,57.571,2335.465,11.751,7.382,445.28,0.674,0.882,1.1,1065,16.316,12650,193.8,,,,,,47106,,0.722,31895,0.489,66.192,0.015,tests performed,72.22,65273512,122.578,42,19.718,13.079,38605.671,,86.06,4.77,30.1,35.6,,5.98,82.66,0.901
FRA,Europe,France,2020-06-06,153055,611,483.857,29111,46,56.714,2344.826,9.361,7.413,445.985,0.705,0.869,1.09,1030,15.78,12433,190.475,,,,,,19750,,0.303,31810,0.487,65.743,0.015,tests performed,72.22,65273512,122.578,42,19.718,13.079,38605.671,,86.06,4.77,30.1,35.6,,5.98,82.66,0.901
FRA,Europe,France,2020-06-07,153634,579,305.429,29142,31,53,2353.696,8.87,4.679,446.46,0.475,0.812,1.08,1024,15.688,12415,190.2,125.652,1.925,919.498,14.087,,7536,,0.115,31662,0.485,103.664,0.01,tests performed,72.22,65273512,122.578,42,19.718,13.079,38605.671,,86.06,4.77,30.1,35.6,,5.98,82.66,0.901
FRA,Europe,France,2020-06-08,153977,343,317.714,29155,13,50.429,2358.951,5.255,4.867,446.659,0.199,0.773,1.07,995,15.244,12269,187.963,,,,,,45756,,0.701,36753,0.563,115.679,0.009,tests performed,72.22,65273512,122.578,42,19.718,13.079,38605.671,,86.06,4.77,30.1,35.6,,5.98,82.66,0.901
FRA,Europe,France,2020-06-09,154188,211,299.571,29209,54,53.714,2362.183,3.233,4.589,447.486,0.827,0.823,1.07,926,14.186,11915,182.54,,,,,,44417,,0.68,36007,0.552,120.195,0.008,tests performed,72.22,65273512,122.578,42,19.718,13.079,38605.671,,86.06,4.77,30.1,35.6,,5.98,82.66,0.901
FRA,Europe,France,2020-06-10,154591,403,466.571,29296,87,50.857,2368.357,6.174,7.148,448.819,1.333,0.779,1.07,904,13.849,11632,178.204,,,,,,40916,,0.627,35345,0.541,75.755,0.013,tests performed,72.22,65273512,122.578,42,19.718,13.079,38605.671,,86.06,4.77,30.1,35.6,,5.98,82.66,0.901
FRA,Europe,France,2020-06-11,155136,545,494.143,29319,23,42.571,2376.707,8.349,7.57,449.171,0.352,0.652,1.07,875,13.405,11420,174.956,,,,,,39074,,0.599,34936,0.535,70.7,0.014,tests performed,72.22,65273512,122.578,42,19.718,13.079,38605.671,,86.06,4.77,30.1,35.6,,5.98,82.66,0.901
FRA,Europe,France,2020-06-12,155561,425,445.286,29346,27,40.143,2383.218,6.511,6.822,449.585,0.414,0.615,1.07,851,13.037,11079,169.732,,,,,,44860,,0.687,34616,0.53,77.739,0.013,tests performed,72.22,65273512,122.578,42,19.718,13.079,38605.671,,86.06,4.77,30.1,35.6,,5.98,82.66,0.901
FRA,Europe,France,2020-06-13,156287,726,461.714,29374,28,37.571,2394.34,11.122,7.074,450.014,0.429,0.576,1.07,843,12.915,10864,166.438,,,,,,19184,,0.294,34535,0.529,74.797,0.013,tests performed,72.22,65273512,122.578,42,19.718,13.079,38605.671,,86.06,4.77,30.1,35.6,,5.98,82.66,0.901
FRA,Europe,France,2020-06-14,156813,526,454.143,29398,24,36.571,2402.399,8.058,6.958,450.382,0.368,0.56,1.06,841,12.884,10836,166.009,121.756,1.865,642.869,9.849,,6631,,0.102,34405,0.527,75.758,0.013,tests performed,72.22,65273512,122.578,42,19.718,13.079,38605.671,,86.06,4.77,30.1,35.6,,5.98,82.66,0.901
FRA,Europe,France,2020-06-15,157220,407,463.286,29407,9,36,2408.634,6.235,7.098,450.52,0.138,0.552,1.06,818,12.532,10707,164.033,,,,,,44143,,0.676,34175,0.524,73.767,0.014,tests performed,72.22,65273512,122.578,42,19.718,13.079,38605.671,,86.06,4.77,30.1,35.6,,5.98,82.66,0.901
FRA,Europe,France,2020-06-16,157372,152,454.857,29436,29,32.429,2410.963,2.329,6.968,450.964,0.444,0.497,1.06,792,12.134,10490,160.708,,,,,,43176,,0.661,33998,0.521,74.744,0.013,tests performed,72.22,65273512,122.578,42,19.718,13.079,38605.671,,86.06,4.77,30.1,35.6,,5.98,82.66,0.901
FRA,Europe,France,2020-06-17,157716,344,446.429,29547,111,35.857,2416.233,5.27,6.839,452.664,1.701,0.549,1.07,744,11.398,10222,156.603,,,,,,40370,,0.618,33920,0.52,75.981,0.013,tests performed,72.22,65273512,122.578,42,19.718,13.079,38605.671,,86.06,4.77,30.1,35.6,,5.98,82.66,0.901
FRA,Europe,France,2020-06-18,158174,458,434,29575,28,36.571,2423.249,7.017,6.649,453.093,0.429,0.56,1.07,724,11.092,10080,154.427,,,,,,38197,,0.585,33794,0.518,77.866,0.013,tests performed,72.22,65273512,122.578,42,19.718,13.079,38605.671,,86.06,4.77,30.1,35.6,,5.98,82.66,0.901
FRA,Europe,France,2020-06-19,158641,467,440,29603,28,36.714,2430.404,7.155,6.741,453.522,0.429,0.562,1.08,699,10.709,9925,152.052,,,,,,46141,,0.707,33977,0.521,77.22,0.013,tests performed,72.22,65273512,122.578,42,19.718,13.079,38605.671,,86.06,4.77,30.1,35.6,,5.98,82.66,0.901
FRA,Europe,France,2020-06-20,159452,811,452.143,29617,14,34.714,2442.829,12.425,6.927,453.737,0.214,0.532,1.08,687,10.525,9792,150.015,,,,,,21807,,0.334,34352,0.526,75.976,0.013,tests performed,72.22,65273512,122.578,42,19.718,13.079,38605.671,,86.06,4.77,30.1,35.6,,5.98,82.66,0.901
FRA,Europe,France,2020-06-21,160093,641,468.571,29633,16,33.571,2452.649,9.82,7.179,453.982,0.245,0.514,1.08,687,10.525,9778,149.8,75.001,1.149,586.375,8.983,,6569,,0.101,34343,0.526,73.293,0.014,tests performed,72.22,65273512,122.578,42,19.718,13.079,38605.671,,86.06,4.77,30.1,35.6,,5.98,82.66,0.901
FRA,Europe,France,2020-06-22,160377,284,451,29640,7,33.286,2457,4.351,6.909,454.089,0.107,0.51,1.08,673,10.31,9648,147.809,,,,,,48669,,0.746,34990,0.536,77.583,0.013,tests performed,51.85,65273512,122.578,42,19.718,13.079,38605.671,,86.06,4.77,30.1,35.6,,5.98,82.66,0.901
FRA,Europe,France,2020-06-23,160750,373,482.571,29663,23,32.429,2462.714,5.714,7.393,454.442,0.352,0.497,1.08,654,10.019,9446,144.714,,,,,,48588,,0.744,35763,0.548,74.109,0.013,tests performed,51.85,65273512,122.578,42,19.718,13.079,38605.671,,86.06,4.77,30.1,35.6,,5.98,82.66,0.901
FRA,Europe,France,2020-06-24,161267,517,507.286,29720,57,24.714,2470.635,7.921,7.772,455.315,0.873,0.379,1.08,630,9.652,9254,141.773,,,,,,45678,,0.7,36521,0.56,71.993,0.014,tests performed,51.85,65273512,122.578,42,19.718,13.079,38605.671,,86.06,4.77,30.1,35.6,,5.98,82.66,0.901
FRA,Europe,France,2020-06-25,161348,81,453.429,29731,11,22.286,2471.876,1.241,6.947,455.483,0.169,0.341,1.09,623,9.544,9096,139.352,,,,,,40378,,0.619,36833,0.564,81.232,0.012,tests performed,51.85,65273512,122.578,42,19.718,13.079,38605.671,,86.06,4.77,30.1,35.6,,5.98,82.66,0.901
FRA,Europe,France,2020-06-26,161348,0,386.714,29752,21,21.286,2471.876,0,5.925,455.805,0.322,0.326,1.1,606,9.284,8841,135.445,,,,,,51692,,0.792,37626,0.576,97.297,0.01,tests performed,51.85,65273512,122.578,42,19.718,13.079,38605.671,,86.06,4.77,30.1,35.6,,5.98,82.66,0.901
FRA,Europe,France,2020-06-27,162936,1588,497.714,29778,26,23,2496.204,24.328,7.625,456.203,0.398,0.352,1.1,594,9.1,8715,133.515,,,,,,24752,,0.379,38047,0.583,76.443,0.013,tests performed,51.85,65273512,122.578,42,19.718,13.079,38605.671,,86.06,4.77,30.1,35.6,,5.98,82.66,0.901
FRA,Europe,France,2020-06-28,162936,0,406.143,29778,0,20.714,2496.204,0,6.222,456.203,0,0.317,1.1,594,9.1,8727,133.699,79.872,1.224,517.217,7.924,,8404,,0.129,38309,0.587,94.324,0.011,tests performed,51.85,65273512,122.578,42,19.718,13.079,38605.671,,86.06,4.77,30.1,35.6,,5.98,82.66,0.901
FRA,Europe,France,2020-06-29,162936,0,365.571,29778,0,19.714,2496.204,0,5.601,456.203,0,0.302,1.1,591,9.054,8643,132.412,,,,,,62020,,0.95,40216,0.616,110.009,0.009,tests performed,51.85,65273512,122.578,42,19.718,13.079,38605.671,,86.06,4.77,30.1,35.6,,5.98,82.66,0.901
FRA,Europe,France,2020-06-30,164260,1324,501.429,29813,35,21.429,2516.488,20.284,7.682,456.74,0.536,0.328,1.11,574,8.794,8491,130.083,,,,,,59536,,0.912,41780,0.64,83.322,0.012,tests performed,51.85,65273512,122.578,42,19.718,13.079,38605.671,,86.06,4.77,30.1,35.6,,5.98,82.66,0.901
FRA,Europe,France,2020-07-01,164801,541,504.857,29843,30,17.571,2524.776,8.288,7.734,457.199,0.46,0.269,1.11,554,8.487,8291,127.019,,,,,,57179,,0.876,43423,0.665,86.01,0.012,tests performed,51.85,65273512,122.578,42,19.718,13.079,38605.671,,86.06,4.77,30.1,35.6,,5.98,82.66,0.901
FRA,Europe,France,2020-07-02,165719,918,624.429,29861,18,18.571,2538.84,14.064,9.566,457.475,0.276,0.285,1.11,545,8.349,8103,124.139,,,,,,55022,,0.843,45515,0.697,72.891,0.014,tests performed,51.85,65273512,122.578,42,19.718,13.079,38605.671,,86.06,4.77,30.1,35.6,,5.98,82.66,0.901
FRA,Europe,France,2020-07-03,166378,659,718.571,29875,14,17.571,2548.936,10.096,11.009,457.689,0.214,0.269,1.11,533,8.166,7946,121.734,,,,,,64581,,0.989,47356,0.726,65.903,0.015,tests performed,51.85,65273512,122.578,42,19.718,13.079,38605.671,,86.06,4.77,30.1,35.6,,5.98,82.66,0.901
FRA,Europe,France,2020-07-04,166960,582,574.857,29893,18,16.429,2557.852,8.916,8.807,457.965,0.276,0.252,1.11,517,7.921,7863,120.462,,,,,,29193,,0.447,47991,0.735,83.483,0.012,tests performed,51.85,65273512,122.578,42,19.718,13.079,38605.671,,86.06,4.77,30.1,35.6,,5.98,82.66,0.901
FRA,Europe,France,2020-07-05,166960,0,574.857,29893,0,16.429,2557.852,0,8.807,457.965,0,0.252,1.12,521,7.982,7863,120.462,71.105,1.089,552.283,8.461,,8764,,0.134,48042,0.736,83.572,0.012,tests performed,51.85,65273512,122.578,42,19.718,13.079,38605.671,,86.06,4.77,30.1,35.6,,5.98,82.66,0.901
FRA,Europe,France,2020-07-06,166960,0,574.857,29893,0,16.429,2557.852,0,8.807,457.965,0,0.252,1.13,521,7.982,7806,119.589,,,,,,67122,,1.028,48771,0.747,84.84,0.012,tests performed,51.85,65273512,122.578,42,19.718,13.079,38605.671,,86.06,4.77,30.1,35.6,,5.98,82.66,0.901
FRA,Europe,France,2020-07-07,168335,1375,582.143,29920,27,15.286,2578.917,21.065,8.919,458.379,0.414,0.234,1.14,511,7.829,7550,115.667,,,,,,66147,,1.013,49715,0.762,85.4,0.012,tests performed,51.85,65273512,122.578,42,19.718,13.079,38605.671,,86.06,4.77,30.1,35.6,,5.98,82.66,0.901
FRA,Europe,France,2020-07-08,168810,475,572.714,29933,13,12.857,2586.195,7.277,8.774,458.578,0.199,0.197,1.14,503,7.706,7254,111.132,,,,,,65272,,1,50872,0.779,88.826,0.011,tests performed,51.85,65273512,122.578,42,19.718,13.079,38605.671,,86.06,4.77,30.1,35.6,,5.98,82.66,0.901
FRA,Europe,France,2020-07-09,169473,663,536.286,29965,32,14.857,2596.352,10.157,8.216,459.068,0.49,0.228,1.15,486,7.446,7134,109.294,,,,,,68861,,1.055,52849,0.81,98.546,0.01,tests performed,51.85,65273512,122.578,42,19.718,13.079,38605.671,,86.06,4.77,30.1,35.6,,5.98,82.66,0.901
FRA,Europe,France,2020-07-10,170094,621,530.857,29979,14,14.857,2605.866,9.514,8.133,459.283,0.214,0.228,1.16,471,7.216,7020,107.547,,,,,,77267,,1.184,54661,0.837,102.967,0.01,tests performed,51.85,65273512,122.578,42,19.718,13.079,38605.671,,86.06,4.77,30.1,35.6,,5.98,82.66,0.901
FRA,Europe,France,2020-07-11,170752,658,541.714,30004,25,15.857,2615.946,10.081,8.299,459.666,0.383,0.243,1.16,470,7.2,6995,107.164,,,,,,32476,,0.498,55130,0.845,101.77,0.01,tests performed,46.3,65273512,122.578,42,19.718,13.079,38605.671,,86.06,4.77,30.1,35.6,,5.98,82.66,0.901
FRA,Europe,France,2020-07-12,170752,0,541.714,30004,0,15.857,2615.946,0,8.299,459.666,0,0.243,1.17,473,7.246,6991,107.103,75.975,1.164,523.062,8.013,,8600,,0.132,55106,0.844,101.725,0.01,tests performed,46.3,65273512,122.578,42,19.718,13.079,38605.671,,86.06,4.77,30.1,35.6,,5.98,82.66,0.901
FRA,Europe,France,2020-07-13,170752,0,541.714,30004,0,15.857,2615.946,0,8.299,459.666,0,0.243,1.19,467,7.155,6941,106.337,,,,,,80381,,1.231,57001,0.873,105.223,0.01,tests performed,46.3,65273512,122.578,42,19.718,13.079,38605.671,,86.06,4.77,30.1,35.6,,5.98,82.66,0.901
FRA,Europe,France,2020-07-14,172377,1625,577.429,30029,25,15.571,2640.842,24.895,8.846,460.049,0.383,0.239,1.19,465,7.124,6907,105.816,,,,,,12500,,0.192,49337,0.756,85.443,0.012,tests performed,46.3,65273512,122.578,42,19.718,13.079,38605.671,,86.06,4.77,30.1,35.6,,5.98,82.66,0.901
FRA,Europe,France,2020-07-15,172377,0,509.571,30029,0,13.714,2640.842,0,7.807,460.049,0,0.21,1.2,457,7.001,6873,105.295,,,,,,79986,,1.225,51439,0.788,100.946,0.01,tests performed,46.3,65273512,122.578,42,19.718,13.079,38605.671,,86.06,4.77,30.1,35.6,,5.98,82.66,0.901
FRA,Europe,France,2020-07-16,173304,927,547.286,30120,91,22.143,2655.043,14.202,8.384,461.443,1.394,0.339,1.21,456,6.986,6754,103.472,,,,,,84210,,1.29,53631,0.822,97.995,0.01,tests performed,46.3,65273512,122.578,42,19.718,13.079,38605.671,,86.06,4.77,30.1,35.6,,5.98,82.66,0.901
FRA,Europe,France,2020-07-17,173838,534,534.857,30138,18,22.714,2663.224,8.181,8.194,461.719,0.276,0.348,1.22,452,6.925,6646,101.818,,,,,,93834,,1.438,55998,0.858,104.697,0.01,tests performed,46.3,65273512,122.578,42,19.718,13.079,38605.671,,86.06,4.77,30.1,35.6,,5.98,82.66,0.901
FRA,Europe,France,2020-07-18,174674,836,560.286,30152,14,21.143,2676.032,12.808,8.584,461.933,0.214,0.324,1.22,450,6.894,6614,101.327,,,,,,40507,,0.621,57145,0.875,101.993,0.01,tests performed,46.3,65273512,122.578,42,19.718,13.079,38605.671,,86.06,4.77,30.1,35.6,,5.98,82.66,0.901
FRA,Europe,France,2020-07-19,174674,0,560.286,30152,0,21.143,2676.032,0,8.584,461.933,0,0.324,1.24,448,6.863,6583,100.853,80.846,1.239,562.024,8.61,,12407,,0.19,57689,0.884,102.964,0.01,tests performed,46.3,65273512,122.578,42,19.718,13.079,38605.671,,86.06,4.77,30.1,35.6,,5.98,82.66,0.901
FRA,Europe,France,2020-07-20,174674,0,560.286,30152,0,21.143,2676.032,0,8.584,461.933,0,0.324,1.25,442,6.772,6547,100.301,,,,,,92676,,1.42,59446,0.911,106.099,0.009,tests performed,46.3,65273512,122.578,42,19.718,13.079,38605.671,,86.06,4.77,30.1,35.6,,5.98,82.66,0.901
FRA,Europe,France,2020-07-21,176754,2080,625.286,30165,13,19.429,2707.898,31.866,9.579,462.132,0.199,0.298,1.26,430,6.588,6440,98.662,,,,,,89073,,1.365,70385,1.078,112.565,0.009,tests performed,46.3,65273512,122.578,42,19.718,13.079,38605.671,,86.06,4.77,30.1,35.6,,5.98,82.66,0.901
FRA,Europe,France,2020-07-22,177338,584,708.714,30165,0,19.429,2716.845,8.947,10.858,462.132,0,0.298,1.26,420,6.434,6324,96.885,,,,,,88532,,1.356,71606,1.097,101.036,0.01,tests performed,46.3,65273512,122.578,42,19.718,13.079,38605.671,,86.06,4.77,30.1,35.6,,5.98,82.66,0.901
FRA,Europe,France,2020-07-23,178336,998,718.857,30172,7,7.429,2732.134,15.29,11.013,462.24,0.107,0.114,1.27,411,6.297,5915,90.619,,,,,,87901,,1.347,72133,1.105,100.344,0.01,tests performed,46.3,65273512,122.578,42,19.718,13.079,38605.671,,86.06,4.77,30.1,35.6,,5.98,82.66,0.901
FRA,Europe,France,2020-07-24,179398,1062,794.286,30182,10,6.286,2748.404,16.27,12.169,462.393,0.153,0.096,1.27,385,5.898,5678,86.988,,,,,,95507,,1.463,72372,1.109,91.116,0.011,tests performed,46.3,65273512,122.578,42,19.718,13.079,38605.671,,86.06,4.77,30.1,35.6,,5.98,82.66,0.901
FRA,Europe,France,2020-07-25,180528,1130,836.286,30192,10,5.714,2765.716,17.312,12.812,462.546,0.153,0.088,1.27,368,5.638,5634,86.314,,,,,,43201,,0.662,72757,1.115,87,0.011,tests performed,46.3,65273512,122.578,42,19.718,13.079,38605.671,,86.06,4.77,30.1,35.6,,5.98,82.66,0.901
FRA,Europe,France,2020-07-26,180528,0,836.286,30192,0,5.714,2765.716,0,12.812,462.546,0,0.088,1.28,367,5.622,5640,86.406,82.794,1.268,661.376,10.132,,15065,,0.231,73136,1.12,87.453,0.011,tests performed,46.3,65273512,122.578,42,19.718,13.079,38605.671,,86.06,4.77,30.1,35.6,,5.98,82.66,0.901
FRA,Europe,France,2020-07-27,180528,0,836.286,30192,0,5.714,2765.716,0,12.812,462.546,0,0.088,1.3,374,5.73,5614,86.007,,,,,,102793,,1.575,74582,1.143,89.182,0.011,tests performed,46.3,65273512,122.578,42,19.718,13.079,38605.671,,86.06,4.77,30.1,35.6,,5.98,82.66,0.901
FRA,Europe,France,2020-07-28,183079,2551,903.571,30209,17,6.286,2804.798,39.082,13.843,462.806,0.26,0.096,1.3,361,5.531,5510,84.414,,,,,,103570,,1.587,76653,1.174,84.833,0.012,tests performed,46.3,65273512,122.578,42,19.718,13.079,38605.671,,86.06,4.77,30.1,35.6,,5.98,82.66,0.901
FRA,Europe,France,2020-07-29,183804,725,923.714,30223,14,8.286,2815.905,11.107,14.151,463.021,0.214,0.127,1.3,356,5.454,5409,82.867,,,,,,107761,,1.651,79400,1.216,85.957,0.012,tests performed,46.3,65273512,122.578,42,19.718,13.079,38605.671,,86.06,4.77,30.1,35.6,,5.98,82.66,0.901
FRA,Europe,France,2020-07-30,185196,1392,980,30238,15,9.429,2837.231,21.326,15.014,463.251,0.23,0.144,1.31,357,5.469,5334,81.718,,,,,,105688,,1.619,81941,1.255,83.613,0.012,tests performed,46.3,65273512,122.578,42,19.718,13.079,38605.671,,86.06,4.77,30.1,35.6,,5.98,82.66,0.901
FRA,Europe,France,2020-07-31,186573,1377,1025,30254,16,10.286,2858.326,21.096,15.703,463.496,0.245,0.158,1.31,347,5.316,5257,80.538,,,,,,109589,,1.679,83952,1.286,81.904,0.012,tests performed,46.3,65273512,122.578,42,19.718,13.079,38605.671,,86.06,4.77,30.1,35.6,,5.98,82.66,0.901
FRA,Europe,France,2020-08-01,187919,1346,1055.857,30265,11,10.429,2878.947,20.621,16.176,463.664,0.169,0.16,1.31,344,5.27,5177,79.312,,,,,,47596,,0.729,84580,1.296,80.106,0.012,tests performed,46.3,65273512,122.578,42,19.718,13.079,38605.671,,86.06,4.77,30.1,35.6,,5.98,82.66,0.901
FRA,Europe,France,2020-08-02,187919,0,1055.857,30265,0,10.429,2878.947,0,16.176,463.664,0,0.16,1.31,345,5.285,5188,79.481,102.275,1.567,676.961,10.371,,16650,,0.255,84807,1.299,80.321,0.012,tests performed,46.3,65273512,122.578,42,19.718,13.079,38605.671,,86.06,4.77,30.1,35.6,,5.98,82.66,0.901
FRA,Europe,France,2020-08-03,187919,0,1055.857,30265,0,10.429,2878.947,0,16.176,463.664,0,0.16,1.32,360,5.515,5157,79.006,,,,,,113157,,1.734,86287,1.322,81.722,0.012,tests performed,46.3,65273512,122.578,42,19.718,13.079,38605.671,,86.06,4.77,30.1,35.6,,5.98,82.66,0.901
FRA,Europe,France,2020-08-04,191295,3376,1173.714,30294,29,12.143,2930.668,51.721,17.981,464.109,0.444,0.186,1.34,364,5.577,5121,78.454,,,,,,106505,,1.632,86707,1.328,73.874,0.014,tests performed,46.3,65273512,122.578,42,19.718,13.079,38605.671,,86.06,4.77,30.1,35.6,,5.98,82.66,0.901
FRA,Europe,France,2020-08-05,192334,1039,1218.571,30296,2,10.429,2946.586,15.918,18.669,464.139,0.031,0.16,1.34,360,5.515,5107,78.24,,,,,,106560,,1.633,86535,1.326,71.013,0.014,tests performed,46.3,65273512,122.578,42,19.718,13.079,38605.671,,86.06,4.77,30.1,35.6,,5.98,82.66,0.901
FRA,Europe,France,2020-08-06,194029,1695,1261.857,30305,9,9.571,2972.553,25.968,19.332,464.277,0.138,0.147,1.34,366,5.607,5019,76.892,,,,,,109923,,1.684,87140,1.335,69.057,0.014,tests performed,46.3,65273512,122.578,42,19.718,13.079,38605.671,,86.06,4.77,30.1,35.6,,5.98,82.66,0.901
FRA,Europe,France,2020-08-07,195633,1604,1294.286,30312,7,8.286,2997.127,24.574,19.829,464.384,0.107,0.127,1.34,359,5.5,4970,76.141,,,,,,112229,,1.719,87517,1.341,67.618,0.015,tests performed,46.3,65273512,122.578,42,19.718,13.079,38605.671,,86.06,4.77,30.1,35.6,,5.98,82.66,0.901
FRA,Europe,France,2020-08-08,197921,2288,1428.857,30324,12,8.429,3032.179,35.053,21.89,464.568,0.184,0.129,1.33,366,5.607,4981,76.31,,,,,,49975,,0.766,87857,1.346,61.488,0.016,tests performed,46.3,65273512,122.578,42,19.718,13.079,38605.671,,86.06,4.77,30.1,35.6,,5.98,82.66,0.901
FRA,Europe,France,2020-08-09,197921,0,1428.857,30324,0,8.429,3032.179,0,21.89,464.568,0,0.129,1.33,368,5.638,4992,76.478,118.833,1.821,692.545,10.61,,17261,,0.264,87944,1.347,61.548,0.016,tests performed,46.3,65273512,122.578,42,19.718,13.079,38605.671,,86.06,4.77,30.1,35.6,,5.98,82.66,0.901
FRA,Europe,France,2020-08-10,197921,0,1428.857,30324,0,8.429,3032.179,0,21.89,464.568,0,0.129,1.33,372,5.699,5004,76.662,,,,,,117182,,1.795,88519,1.356,61.951,0.016,tests performed,46.3,65273512,122.578,42,19.718,13.079,38605.671,,86.06,4.77,30.1,35.6,,5.98,82.66,0.901
FRA,Europe,France,2020-08-11,202775,4854,1640,30340,16,6.571,3106.543,74.364,25.125,464.813,0.245,0.101,1.32,367,5.622,4971,76.156,,,,,,107105,,1.641,88605,1.357,54.027,0.019,tests performed,46.3,65273512,122.578,42,19.718,13.079,38605.671,,86.06,4.77,30.1,35.6,,5.98,82.66,0.901
FRA,Europe,France,2020-08-12,204172,1397,1691.143,30354,14,8.286,3127.946,21.402,25.909,465.028,0.214,0.127,1.32,355,5.439,4850,74.303,,,,,,112282,,1.72,89422,1.37,52.877,0.019,tests performed,46.3,65273512,122.578,42,19.718,13.079,38605.671,,86.06,4.77,30.1,35.6,,5.98,82.66,0.901
FRA,Europe,France,2020-08-13,206696,2524,1809.571,30371,17,9.429,3166.614,38.668,27.723,465.288,0.26,0.144,1.31,351,5.377,4824,73.904,,,,,,121968,,1.869,91143,1.396,50.367,0.02,tests performed,46.3,65273512,122.578,42,19.718,13.079,38605.671,,86.06,4.77,30.1,35.6,,5.98,82.66,0.901
FRA,Europe,France,2020-08-14,209365,2669,1961.714,30388,17,10.857,3207.503,40.889,30.054,465.549,0.26,0.166,1.31,344,5.27,4788,73.353,,,,,,133401,,2.044,94168,1.443,48.003,0.021,tests performed,48.15,65273512,122.578,42,19.718,13.079,38605.671,,86.06,4.77,30.1,35.6,,5.98,82.66,0.901
FRA,Europe,France,2020-08-15,212211,2846,2041.429,30406,18,11.714,3251.104,43.601,31.275,465.824,0.276,0.179,1.29,353,5.408,4817,73.797,,,,,,27009,,0.414,90887,1.392,44.521,0.022,tests performed,48.15,65273512,122.578,42,19.718,13.079,38605.671,,86.06,4.77,30.1,35.6,,5.98,82.66,0.901
FRA,Europe,France,2020-08-16,215521,3310,2514.286,30409,3,12.143,3301.814,50.71,38.519,465.87,0.046,0.186,1.27,353,5.408,4820,73.843,124.678,1.91,885.406,13.565,,22248,,0.341,91599,1.403,36.431,0.027,tests performed,48.15,65273512,122.578,42,19.718,13.079,38605.671,,86.06,4.77,30.1,35.6,,5.98,82.66,0.901
FRA,Europe,France,2020-08-17,218536,3015,2945,30410,1,12.286,3348.004,46.19,45.118,465.886,0.015,0.188,1.26,361,5.531,4885,74.839,,,,,,155080,,2.376,97013,1.486,32.942,0.03,tests performed,48.15,65273512,122.578,42,19.718,13.079,38605.671,,86.06,4.77,30.1,35.6,,5.98,82.66,0.901
FRA,Europe,France,2020-08-18,219029,493,2322,30429,19,12.714,3355.557,7.553,35.573,466.177,0.291,0.195,1.25,357,5.469,4783,73.276,,,,,,146021,,2.237,102573,1.571,44.174,0.023,tests performed,48.15,65273512,122.578,42,19.718,13.079,38605.671,,86.06,4.77,30.1,35.6,,5.98,82.66,0.901
FRA,Europe,France,2020-08-19,221267,2238,2442.143,30451,22,13.857,3389.844,34.286,37.414,466.514,0.337,0.212,1.24,362,5.546,4781,73.246,,,,,,145845,,2.234,107367,1.645,43.964,0.023,tests performed,48.15,65273512,122.578,42,19.718,13.079,38605.671,,86.06,4.77,30.1,35.6,,5.98,82.66,0.901
FRA,Europe,France,2020-08-20,225043,3776,2621,30468,17,13.857,3447.693,57.849,40.154,466.774,0.26,0.212,1.24,368,5.638,4723,72.357,,,,,,154725,,2.37,112047,1.717,42.75,0.023,tests performed,48.15,65273512,122.578,42,19.718,13.079,38605.671,,86.06,4.77,30.1,35.6,,5.98,82.66,0.901
FRA,Europe,France,2020-08-21,229814,4771,2921.286,30480,12,13.143,3520.785,73.092,44.755,466.958,0.184,0.201,1.24,367,5.622,4720,72.311,,,,,,166012,,2.543,116706,1.788,39.95,0.025,tests performed,48.15,65273512,122.578,42,19.718,13.079,38605.671,,86.06,4.77,30.1,35.6,,5.98,82.66,0.901
FRA,Europe,France,2020-08-22,234400,4586,3169.857,30503,23,13.857,3591.043,70.258,48.563,467.311,0.352,0.212,1.25,368,5.638,4685,71.775,,,,,,69810,,1.069,122820,1.882,38.746,0.026,tests performed,48.15,65273512,122.578,42,19.718,13.079,38605.671,,86.06,4.77,30.1,35.6,,5.98,82.66,0.901
FRA,Europe,France,2020-08-23,238002,3602,3211.571,30512,9,14.714,3646.226,55.183,49.202,467.448,0.138,0.225,1.25,371,5.684,4683,71.744,169.484,2.597,978.914,14.997,,23750,,0.364,123035,1.885,38.31,0.026,tests performed,48.15,65273512,122.578,42,19.718,13.079,38605.671,,86.06,4.77,30.1,35.6,,5.98,82.66,0.901
FRA,Europe,France,2020-08-24,242899,4897,3480.429,30513,1,14.714,3721.249,75.023,53.321,467.464,0.015,0.225,1.25,387,5.929,4664,71.453,,,,,,188942,,2.895,127872,1.959,36.74,0.027,tests performed,48.15,65273512,122.578,42,19.718,13.079,38605.671,,86.06,4.77,30.1,35.6,,5.98,82.66,0.901
FRA,Europe,France,2020-08-25,244854,1955,3689.286,30528,15,14.143,3751.2,29.951,56.52,467.694,0.23,0.217,1.26,401,6.143,4578,70.136,,,,,,179058,,2.743,132592,2.031,35.94,0.028,tests performed,48.15,65273512,122.578,42,19.718,13.079,38605.671,,86.06,4.77,30.1,35.6,,5.98,82.66,0.901
FRA,Europe,France,2020-08-26,248158,3304,3841.571,30544,16,13.286,3801.818,50.618,58.853,467.939,0.245,0.204,1.26,373,5.714,4535,69.477,,,,,,183741,,2.815,138005,2.114,35.924,0.028,tests performed,48.15,65273512,122.578,42,19.718,13.079,38605.671,,86.06,4.77,30.1,35.6,,5.98,82.66,0.901
FRA,Europe,France,2020-08-27,253587,5429,4077.714,30544,0,10.857,3884.991,83.173,62.471,467.939,0,0.166,1.27,375,5.745,4517,69.201,,,,,,197259,,3.022,144082,2.207,35.334,0.028,tests performed,48.15,65273512,122.578,42,19.718,13.079,38605.671,,86.06,4.77,30.1,35.6,,5.98,82.66,0.901
FRA,Europe,France,2020-08-28,259698,6111,4269.143,30576,32,13.714,3978.612,93.621,65.404,468.429,0.49,0.21,1.27,381,5.837,4517,69.201,,,,,,204134,,3.127,149528,2.291,35.025,0.029,tests performed,48.15,65273512,122.578,42,19.718,13.079,38605.671,,86.06,4.77,30.1,35.6,,5.98,82.66,0.901
FRA,Europe,France,2020-08-29,267077,7379,4668.143,30596,20,13.286,4091.66,113.047,71.517,468.735,0.306,0.204,1.27,394,6.036,4512,69.125,,,,,,85437,,1.309,151760,2.325,32.51,0.031,tests performed,48.15,65273512,122.578,42,19.718,13.079,38605.671,,86.06,4.77,30.1,35.6,,5.98,82.66,0.901
FRA,Europe,France,2020-08-30,272530,5453,4932.571,30602,6,12.857,4175.201,83.541,75.568,468.827,0.092,0.197,1.28,396,6.067,4517,69.201,204.549,3.134,1191.256,18.25,,28051,,0.43,152375,2.334,30.892,0.032,tests performed,48.15,65273512,122.578,42,19.718,13.079,38605.671,,86.06,4.77,30.1,35.6,,5.98,82.66,0.901
FRA,Europe,France,2020-08-31,277943,5413,5006.286,30606,4,13.286,4258.128,82.928,76.697,468.889,0.061,0.204,1.28,403,6.174,4564,69.921,,,,,,222477,,3.408,157165,2.408,31.394,0.032,tests performed,48.15,65273512,122.578,42,19.718,13.079,38605.671,,86.06,4.77,30.1,35.6,,5.98,82.66,0.901
FRA,Europe,France,2020-09-01,281025,3082,5167.286,30635,29,15.286,4305.345,47.217,79.164,469.333,0.444,0.234,1.28,418,6.404,4586,70.258,,,,,,198664,,3.044,159966,2.451,30.957,0.032,tests performed,46.76,65273512,122.578,42,19.718,13.079,38605.671,,86.06,4.77,30.1,35.6,,5.98,82.66,0.901
FRA,Europe,France,2020-09-02,286007,4982,5407,30661,26,16.714,4381.67,76.325,82.836,469.731,0.398,0.256,1.29,440,6.741,4614,70.687,,,,,,197820,,3.031,161977,2.482,29.957,0.033,tests performed,46.76,65273512,122.578,42,19.718,13.079,38605.671,,86.06,4.77,30.1,35.6,,5.98,82.66,0.901
FRA,Europe,France,2020-09-03,293024,7017,5633.857,30686,25,20.286,4489.172,107.501,86.312,470.114,0.383,0.311,1.29,458,7.017,4625,70.856,,,,,,206409,,3.162,163285,2.502,28.983,0.035,tests performed,48.61,65273512,122.578,42,19.718,13.079,38605.671,,86.06,4.77,30.1,35.6,,5.98,82.66,0.901
FRA,Europe,France,2020-09-04,300181,7157,5783.286,30686,0,15.714,4598.818,109.646,88.601,470.114,0,0.241,1.29,467,7.155,4653,71.285,,,,,,221055,,3.387,165702,2.539,28.652,0.035,tests performed,48.61,65273512,122.578,42,19.718,13.079,38605.671,,86.06,4.77,30.1,35.6,,5.98,82.66,0.901
FRA,Europe,France,2020-09-05,309156,8975,6011.286,30686,0,12.857,4736.316,137.498,92.094,470.114,0,0.197,1.29,476,7.292,4667,71.499,,,,,,94087,,1.441,166938,2.558,27.771,0.036,tests performed,48.61,65273512,122.578,42,19.718,13.079,38605.671,,86.06,4.77,30.1,35.6,,5.98,82.66,0.901
FRA,Europe,France,2020-09-06,317706,8550,6453.714,30698,12,13.714,4867.304,130.987,98.872,470.298,0.184,0.21,1.3,480,7.354,4697,71.959,280.525,4.298,1571.133,24.07,,28810,,0.441,167046,2.559,25.884,0.039,tests performed,48.61,65273512,122.578,42,19.718,13.079,38605.671,,86.06,4.77,30.1,35.6,,5.98,82.66,0.901
FRA,Europe,France,2020-09-07,324777,7071,6690.571,30701,3,13.571,4975.632,108.329,102.501,470.344,0.046,0.208,1.31,531,8.135,4889,74.9,,,,,,247692,,3.795,170648,2.614,25.506,0.039,tests performed,48.61,65273512,122.578,42,19.718,13.079,38605.671,,86.06,4.77,30.1,35.6,,5.98,82.66,0.901
FRA,Europe,France,2020-09-08,328980,4203,6850.714,30726,25,13,5040.023,64.391,104.954,470.727,0.383,0.199,1.31,568,8.702,4942,75.712,,,,,,244402,,3.744,177182,2.714,25.863,0.039,tests performed,48.61,65273512,122.578,42,19.718,13.079,38605.671,,86.06,4.77,30.1,35.6,,5.98,82.66,0.901
FRA,Europe,France,2020-09-09,335524,6544,7073.857,30764,38,14.714,5140.278,100.255,108.373,471.309,0.582,0.225,1.3,593,9.085,4985,76.371,,,,,,240429,,3.683,183269,2.808,25.908,0.039,tests performed,48.61,65273512,122.578,42,19.718,13.079,38605.671,,86.06,4.77,30.1,35.6,,5.98,82.66,0.901
FRA,Europe,France,2020-09-10,344101,8577,7296.714,30794,30,15.429,5271.679,131.401,111.787,471.769,0.46,0.236,1.3,608,9.315,5077,77.78,,,,,,254875,,3.905,190193,2.914,26.066,0.038,tests performed,48.61,65273512,122.578,42,19.718,13.079,38605.671,,86.06,4.77,30.1,35.6,,5.98,82.66,0.901
FRA,Europe,France,2020-09-11,353944,9843,7680.429,30813,19,18.143,5422.475,150.796,117.665,472.06,0.291,0.278,1.3,628,9.621,5136,78.684,,,,,,264495,,4.052,196399,3.009,25.571,0.039,tests performed,48.61,65273512,122.578,42,19.718,13.079,38605.671,,86.06,4.77,30.1,35.6,,5.98,82.66,0.901
FRA,Europe,France,2020-09-12,363350,9406,7742,30893,80,29.571,5566.577,144.101,118.609,473.285,1.226,0.453,1.3,655,10.035,5176,79.297,,,,,,102906,,1.577,197658,3.028,25.531,0.039,tests performed,48.61,65273512,122.578,42,19.718,13.079,38605.671,,86.06,4.77,30.1,35.6,,5.98,82.66,0.901
FRA,Europe,France,2020-09-13,373911,10561,8029.286,30910,17,30.286,5728.373,161.796,123.01,473.546,0.26,0.464,1.3,662,10.142,5228,80.094,415.917,6.372,2312.381,35.426,,29444,,0.451,197749,3.03,24.628,0.041,tests performed,48.61,65273512,122.578,42,19.718,13.079,38605.671,,86.06,4.77,30.1,35.6,,5.98,82.66,0.901
FRA,Europe,France,2020-09-14,381094,7183,8045.286,30916,6,30.714,5838.417,110.045,123.255,473.638,0.092,0.471,1.31,705,10.801,5479,83.939,,,,,,279529,,4.282,202297,3.099,25.145,0.04,tests performed,48.61,65273512,122.578,42,19.718,13.079,38605.671,,86.06,4.77,30.1,35.6,,5.98,82.66,0.901
FRA,Europe,France,2020-09-15,387252,6158,8324.571,30950,34,32,5932.759,94.341,127.534,474.159,0.521,0.49,1.3,752,11.521,5660,86.712,,,,,,269159,,4.124,205834,3.153,24.726,0.04,tests performed,48.61,65273512,122.578,42,19.718,13.079,38605.671,,86.06,4.77,30.1,35.6,,5.98,82.66,0.901
FRA,Europe,France,2020-09-16,395104,7852,8511.429,30999,49,33.571,6053.053,120.294,130.396,474.909,0.751,0.514,1.3,796,12.195,5800,88.857,,,,,,250644,,3.84,207293,3.176,24.355,0.041,tests performed,48.61,65273512,122.578,42,19.718,13.079,38605.671,,86.06,4.77,30.1,35.6,,5.98,82.66,0.901
FRA,Europe,France,2020-09-17,404888,9784,8683.857,31045,46,35.857,6202.945,149.892,133.038,475.614,0.705,0.549,1.3,793,12.149,5825,89.24,,,,,,247667,,3.794,206263,3.16,23.752,0.042,tests performed,48.61,65273512,122.578,42,19.718,13.079,38605.671,,86.06,4.77,30.1,35.6,,5.98,82.66,0.901
FRA,Europe,France,2020-09-18,415481,10593,8791,31095,50,40.286,6365.231,162.286,134.679,476.38,0.766,0.617,1.3,820,12.563,5800,88.857,,,,,,248113,,3.801,203923,3.124,23.197,0.043,tests performed,48.61,65273512,122.578,42,19.718,13.079,38605.671,,86.06,4.77,30.1,35.6,,5.98,82.66,0.901
FRA,Europe,France,2020-09-19,428696,13215,9335.143,31249,154,50.857,6567.687,202.456,143.016,478.739,2.359,0.779,1.3,827,12.67,5493,84.154,,,,,,95937,,1.47,202928,3.109,21.738,0.046,tests performed,48.61,65273512,122.578,42,19.718,13.079,38605.671,,86.06,4.77,30.1,35.6,,5.98,82.66,0.901
FRA,Europe,France,2020-09-20,442194,13498,9754.714,31274,25,52,6774.478,206.791,149.444,479.122,0.383,0.797,1.3,834,12.777,5356,82.055,583.452,8.939,3653.64,55.974,,30231,,0.463,203040,3.111,20.815,0.048,tests performed,48.61,65273512,122.578,42,19.718,13.079,38605.671,,86.06,4.77,30.1,35.6,,5.98,82.66,0.901
FRA,Europe,France,2020-09-21,453763,11569,10381.286,31285,11,52.714,6951.717,177.239,159.043,479.291,0.169,0.808,1.31,912,13.972,5597,85.747,,,,,,247098,,3.786,198407,3.04,19.112,0.052,tests performed,48.61,65273512,122.578,42,19.718,13.079,38605.671,,86.06,4.77,30.1,35.6,,5.98,82.66,0.901
FRA,Europe,France,2020-09-22,458061,4298,10115.571,31338,53,55.429,7017.563,65.846,154.972,480.103,0.812,0.849,1.3,944,14.462,5777,88.505,,,,,,222366,,3.407,191722,2.937,18.953,0.053,tests performed,46.76,65273512,122.578,42,19.718,13.079,38605.671,,86.06,4.77,30.1,35.6,,5.98,82.66,0.901
FRA,Europe,France,2020-09-23,468069,10008,10423.571,31416,78,59.571,7170.887,153.324,159.691,481.298,1.195,0.913,1.3,995,15.244,5913,90.588,,,,,,205936,,3.155,185335,2.839,17.78,0.056,tests performed,46.76,65273512,122.578,42,19.718,13.079,38605.671,,86.06,4.77,30.1,35.6,,5.98,82.66,0.901
FRA,Europe,France,2020-09-24,481141,13072,10893.286,31459,43,59.143,7371.152,200.265,166.887,481.957,0.659,0.906,1.3,1041,15.948,6012,92.105,,,,,,207216,,3.175,179557,2.751,16.483,0.061,tests performed,46.76,65273512,122.578,42,19.718,13.079,38605.671,,86.06,4.77,30.1,35.6,,5.98,82.66,0.901
FRA,Europe,France,2020-09-25,497237,16096,11679.429,31511,52,59.429,7617.745,246.593,178.931,482.753,0.797,0.91,1.3,1092,16.73,6110,93.606,,,,,,213905,,3.277,174670,2.676,14.955,0.067,tests performed,46.76,65273512,122.578,42,19.718,13.079,38605.671,,86.06,4.77,30.1,35.6,,5.98,82.66,0.901
FRA,Europe,France,2020-09-26,513034,15797,12048.286,31661,150,58.857,7859.758,242.012,184.582,485.051,2.298,0.902,1.29,1105,16.929,6154,94.28,,,,,,86184,,1.32,173277,2.655,14.382,0.07,tests performed,49.54,65273512,122.578,42,19.718,13.079,38605.671,,86.06,4.77,30.1,35.6,,5.98,82.66,0.901
FRA,Europe,France,2020-09-27,527446,14412,12178.857,31700,39,60.857,8080.552,220.794,186.582,485.649,0.597,0.932,1.29,1112,17.036,6235,95.521,765.599,11.729,3960.464,60.675,,23678,,0.363,172340,2.64,14.151,0.071,tests performed,49.54,65273512,122.578,42,19.718,13.079,38605.671,,86.06,4.77,30.1,35.6,,5.98,82.66,0.901
FRA,Europe,France,2020-09-28,538569,11123,12115.143,31727,27,63.143,8250.958,170.406,185.606,486.062,0.414,0.967,1.3,1158,17.741,6397,98.003,,,,,,222816,,3.414,168872,2.587,13.939,0.072,tests performed,49.54,65273512,122.578,42,19.718,13.079,38605.671,,86.06,4.77,30.1,35.6,,5.98,82.66,0.901
FRA,Europe,France,2020-09-29,542639,4070,12082.571,31808,81,67.143,8313.311,62.353,185.107,487.303,1.241,1.029,1.29,1198,18.354,6482,99.305,,,,,,199489,,3.056,165603,2.537,13.706,0.073,tests performed,49.54,65273512,122.578,42,19.718,13.079,38605.671,,86.06,4.77,30.1,35.6,,5.98,82.66,0.901
FRA,Europe,France,2020-09-30,550690,8051,11803,31893,85,68.143,8436.653,123.343,180.824,488.606,1.302,1.044,1.29,1232,18.874,6572,100.684,,,,,,191420,,2.933,163530,2.505,13.855,0.072,tests performed,49.54,65273512,122.578,42,19.718,13.079,38605.671,,86.06,4.77,30.1,35.6,,5.98,82.66,0.901
FRA,Europe,France,2020-10-01,563535,12845,11770.571,31956,63,71,8633.441,196.787,180.327,489.571,0.965,1.088,1.29,1259,19.288,6634,101.634,,,,,,195592,,2.996,161869,2.48,13.752,0.073,tests performed,49.54,65273512,122.578,42,19.718,13.079,38605.671,,86.06,4.77,30.1,35.6,,5.98,82.66,0.901
FRA,Europe,France,2020-10-02,577505,13970,11466.857,32019,63,72.571,8847.463,214.022,175.674,490.536,0.965,1.112,1.29,1270,19.457,6740,103.258,,,,,,209892,,3.216,161296,2.471,14.066,0.071,tests performed,49.54,65273512,122.578,42,19.718,13.079,38605.671,,86.06,4.77,30.1,35.6,,5.98,82.66,0.901
FRA,Europe,France,2020-10-03,589653,12148,10945.571,32155,136,70.571,9033.572,186.109,167.688,492.619,2.084,1.081,1.29,1289,19.748,6740,103.258,,,,,,90297,,1.383,161883,2.48,14.79,0.068,tests performed,49.54,65273512,122.578,42,19.718,13.079,38605.671,,86.06,4.77,30.1,35.6,,5.98,82.66,0.901
FRA,Europe,France,2020-10-04,606625,16972,11311.286,32198,43,71.143,9293.586,260.014,173.291,493.278,0.659,1.09,1.3,1335,20.452,6964,106.69,869.821,13.326,3992.607,61.167,,25537,,0.391,162149,2.484,14.335,0.07,tests performed,49.54,65273512,122.578,42,19.718,13.079,38605.671,,86.06,4.77,30.1,35.6,,5.98,82.66,0.901
FRA,Europe,France,2020-10-05,619170,12545,11514.429,32230,32,71.857,9485.777,192.191,176.403,493.768,0.49,1.101,1.31,1409,21.586,7276,111.469,,,,,,239957,,3.676,164598,2.522,14.295,0.07,tests performed,49.54,65273512,122.578,42,19.718,13.079,38605.671,,86.06,4.77,30.1,35.6,,5.98,82.66,0.901
FRA,Europe,France,2020-10-06,624274,5104,11662.143,32299,69,70.143,9563.971,78.194,178.666,494.826,1.057,1.075,1.32,1417,21.709,7377,113.017,,,,,,217121,,3.326,167117,2.56,14.33,0.07,tests performed,49.54,65273512,122.578,42,19.718,13.079,38605.671,,86.06,4.77,30.1,35.6,,5.98,82.66,0.901
FRA,Europe,France,2020-10-07,634763,10489,12010.429,32365,66,67.429,9724.664,160.693,184.002,495.837,1.011,1.033,1.32,1406,21.54,7514,115.116,,,,,,213763,,3.275,170308,2.609,14.18,0.071,tests performed,49.54,65273512,122.578,42,19.718,13.079,38605.671,,86.06,4.77,30.1,35.6,,5.98,82.66,0.901
FRA,Europe,France,2020-10-08,653509,18746,12853.429,32445,80,69.857,10011.856,287.192,196.916,497.062,1.226,1.07,1.32,1418,21.724,7603,116.479,,,,,,230460,,3.531,175290,2.685,13.638,0.073,tests performed,49.54,65273512,122.578,42,19.718,13.079,38605.671,,86.06,4.77,30.1,35.6,,5.98,82.66,0.901
FRA,Europe,France,2020-10-09,671638,18129,13447.571,32521,76,71.714,10289.595,277.739,206.019,498.227,1.164,1.099,1.32,1439,22.046,7843,120.156,,,,,,258299,,3.957,182205,2.791,13.549,0.074,tests performed,49.54,65273512,122.578,42,19.718,13.079,38605.671,,86.06,4.77,30.1,35.6,,5.98,82.66,0.901
FRA,Europe,France,2020-10-10,691977,20339,14617.714,32630,109,67.857,10601.191,311.597,223.946,499.896,1.67,1.04,1.33,1456,22.306,7976,122.194,,,,,,114011,,1.747,185593,2.843,12.696,0.079,tests performed,43.98,65273512,122.578,42,19.718,13.079,38605.671,,86.06,4.77,30.1,35.6,,5.98,82.66,0.901
FRA,Europe,France,2020-10-11,718873,26896,16035.429,32684,54,69.429,11013.242,412.051,245.665,500.724,0.827,1.064,1.33,1483,22.72,8231,126.1,886.38,13.579,4728.011,72.434,,32057,,0.491,186524,2.858,11.632,0.086,tests performed,43.98,65273512,122.578,42,19.718,13.079,38605.671,,86.06,4.77,30.1,35.6,,5.98,82.66,0.901
FRA,Europe,France,2020-10-12,734974,16101,16543.429,32730,46,71.429,11259.912,246.67,253.448,501.429,0.705,1.094,1.35,1539,23.578,8671,132.841,,,,,,297769,,4.562,194783,2.984,11.774,0.085,tests performed,43.98,65273512,122.578,42,19.718,13.079,38605.671,,86.06,4.77,30.1,35.6,,5.98,82.66,0.901
FRA,Europe,France,2020-10-13,743479,8505,17029.286,32825,95,75.143,11390.21,130.298,260.891,502.884,1.455,1.151,1.35,1633,25.018,8928,136.778,,,,,,274755,,4.209,203016,3.11,11.922,0.084,tests performed,43.98,65273512,122.578,42,19.718,13.079,38605.671,,86.06,4.77,30.1,35.6,,5.98,82.66,0.901
FRA,Europe,France,2020-10-14,756472,12993,17387,32933,108,81.143,11589.265,199.055,266.371,504.539,1.655,1.243,1.35,1664,25.493,9173,140.532,,,,,,277981,,4.259,212190,3.251,12.204,0.082,tests performed,43.98,65273512,122.578,42,19.718,13.079,38605.671,,86.06,4.77,30.1,35.6,,5.98,82.66,0.901
FRA,Europe,France,2020-10-15,779063,22591,17936.286,33037,104,84.571,11935.362,346.098,274.787,506.132,1.593,1.296,1.35,1741,26.672,9584,146.828,,,,,,299928,,4.595,222114,3.403,12.384,0.081,tests performed,43.98,65273512,122.578,42,19.718,13.079,38605.671,,86.06,4.77,30.1,35.6,,5.98,82.66,0.901
FRA,Europe,France,2020-10-16,809684,30621,19720.857,33125,88,86.286,12404.48,469.118,302.126,507.48,1.348,1.322,1.35,1791,27.438,10021,153.523,,,,,,320669,,4.913,231024,3.539,11.715,0.085,tests performed,43.98,65273512,122.578,42,19.718,13.079,38605.671,,86.06,4.77,30.1,35.6,,5.98,82.66,0.901
FRA,Europe,France,2020-10-17,834770,25086,20399,33303,178,96.143,12788.802,384.321,312.516,510.207,2.727,1.473,1.35,1868,28.618,10399,159.314,,,,,,139244,,2.133,234629,3.595,11.502,0.087,tests performed,49.54,65273512,122.578,42,19.718,13.079,38605.671,,86.06,4.77,30.1,35.6,,5.98,82.66,0.901
FRA,Europe,France,2020-10-18,867197,32427,21189.143,33392,89,101.143,13285.588,496.787,324.621,511.57,1.363,1.55,1.36,1939,29.706,10897,166.944,1308.141,20.041,7126.108,109.173,,39893,,0.611,235748,3.612,11.126,0.09,tests performed,49.54,65273512,122.578,42,19.718,13.079,38605.671,,86.06,4.77,30.1,35.6,,5.98,82.66,0.901
FRA,Europe,France,2020-10-19,897034,29837,23151.429,33477,85,106.714,13742.696,457.107,354.683,512.873,1.302,1.635,1.37,2090,32.019,11640,178.327,,,,,,352709,,5.404,243597,3.732,10.522,0.095,tests performed,49.54,65273512,122.578,42,19.718,13.079,38605.671,,86.06,4.77,30.1,35.6,,5.98,82.66,0.901
FRA,Europe,France,2020-10-20,910277,13243,23828.286,33623,146,114,13945.58,202.885,365.053,515.109,2.237,1.746,1.36,2168,33.214,12435,190.506,,,,,,318399,,4.878,249832,3.827,10.485,0.095,tests performed,49.54,65273512,122.578,42,19.718,13.079,38605.671,,86.06,4.77,30.1,35.6,,5.98,82.66,0.901
FRA,Europe,France,2020-10-21,930745,20468,24896.143,33885,262,136,14259.153,313.573,381.413,519.123,4.014,2.084,1.36,2239,34.302,13162,201.644,,,,,,326928,,5.009,256824,3.935,10.316,0.097,tests performed,49.54,65273512,122.578,42,19.718,13.079,38605.671,,86.06,4.77,30.1,35.6,,5.98,82.66,0.901
FRA,Europe,France,2020-10-22,957421,26676,25479.714,34048,163,144.429,14667.833,408.68,390.353,521.62,2.497,2.213,1.36,2310,35.39,14009,214.62,,,,,,352705,,5.403,264364,4.05,10.375,0.096,tests performed,49.54,65273512,122.578,42,19.718,13.079,38605.671,,86.06,4.77,30.1,35.6,,5.98,82.66,0.901
FRA,Europe,France,2020-10-23,999043,41622,27051.286,34210,162,155,15305.489,637.655,414.43,524.102,2.482,2.375,1.36,2432,37.259,14985,229.572,,,,,,384655,,5.893,273505,4.19,10.111,0.099,tests performed,49.54,65273512,122.578,42,19.718,13.079,38605.671,,86.06,4.77,30.1,35.6,,5.98,82.66,0.901
FRA,Europe,France,2020-10-24,1041075,42032,29472.143,34508,298,172.143,15949.425,643.937,451.518,528.668,4.565,2.637,1.35,2491,38.162,15637,239.561,,,,,,164257,,2.516,277078,4.245,9.401,0.106,tests performed,49.54,65273512,122.578,42,19.718,13.079,38605.671,,86.06,4.77,30.1,35.6,,5.98,82.66,0.901
FRA,Europe,France,2020-10-25,1086497,45422,31328.571,34645,137,179,16645.297,695.872,479.958,530.767,2.099,2.742,1.35,2575,39.449,16454,252.078,1768.864,27.099,11664.18,178.697,,46737,,0.716,278056,4.26,8.875,0.113,tests performed,49.54,65273512,122.578,42,19.718,13.079,38605.671,,86.06,4.77,30.1,35.6,,5.98,82.66,0.901
FRA,Europe,France,2020-10-26,1138507,52010,34496.143,34761,116,183.429,17442.098,796.801,528.486,532.544,1.777,2.81,1.36,2761,42.299,17761,272.101,,,,,,427424,,6.548,288729,4.423,8.37,0.119,tests performed,49.54,65273512,122.578,42,19.718,13.079,38605.671,,86.06,4.77,30.1,35.6,,5.98,82.66,0.901
FRA,Europe,France,2020-10-27,1165278,26771,36428.714,35018,257,199.286,17852.234,410.136,558.093,536.481,3.937,3.053,1.35,2909,44.566,18955,290.393,,,,,,383878,,5.881,298083,4.567,8.183,0.122,tests performed,49.54,65273512,122.578,42,19.718,13.079,38605.671,,86.06,4.77,30.1,35.6,,5.98,82.66,0.901
FRA,Europe,France,2020-10-28,1198695,33417,38278.571,35541,523,236.571,18364.187,511.953,586.433,544.493,8.012,3.624,1.34,3036,46.512,20184,309.222,,,,,,375940,,5.759,305085,4.674,7.97,0.125,tests performed,49.54,65273512,122.578,42,19.718,13.079,38605.671,,86.06,4.77,30.1,35.6,,5.98,82.66,0.901
FRA,Europe,France,2020-10-29,1235132,36437,39673,35785,244,248.143,18922.408,558.22,607.796,548.232,3.738,3.802,1.33,3147,48.213,21160,324.174,,,,,,386048,,5.914,309848,4.747,7.81,0.128,tests performed,49.54,65273512,122.578,42,19.718,13.079,38605.671,,86.06,4.77,30.1,35.6,,5.98,82.66,0.901
FRA,Europe,France,2020-10-30,1282769,47637,40532.286,36020,235,258.571,19652.214,729.806,620.961,551.832,3.6,3.961,1.32,3368,51.598,22153,339.387,,,,,,411176,,6.299,313637,4.805,7.738,0.129,tests performed,78.7,65273512,122.578,42,19.718,13.079,38605.671,,86.06,4.77,30.1,35.6,,5.98,82.66,0.901
FRA,Europe,France,2020-10-31,1331984,49215,41558.429,36565,545,293.857,20406.195,753.981,636.681,560.181,8.349,4.502,1.31,3443,52.747,23013,352.563,,,,,,175241,,2.685,315206,4.829,7.585,0.132,tests performed,78.7,65273512,122.578,42,19.718,13.079,38605.671,,86.06,4.77,30.1,35.6,,5.98,82.66,0.901
FRA,Europe,France,2020-11-01,1364625,32641,39732.571,36788,223,306.143,20906.26,500.065,608.709,563.598,3.416,4.69,1.3,3569,54.678,24008,367.806,2537.385,38.873,16465.244,252.25,,46300,,0.709,315144,4.828,7.932,0.126,tests performed,78.7,65273512,122.578,42,19.718,13.079,38605.671,,86.06,4.77,30.1,35.6,,5.98,82.66,0.901
FRA,Europe,France,2020-11-02,1413915,49290,39344,37019,231,322.571,21661.39,755.13,602.756,567.137,3.539,4.942,1.3,3721,57.006,25120,384.842,,,,,,445347,,6.823,317704,4.867,8.075,0.124,tests performed,78.7,65273512,122.578,42,19.718,13.079,38605.671,,86.06,4.77,30.1,35.6,,5.98,82.66,0.901
FRA,Europe,France,2020-11-03,1466433,52518,43022.143,37435,416,345.286,22465.974,804.584,659.106,573.51,6.373,5.29,1.29,3869,59.274,26242,402.031,,,,,,390567,,5.984,318660,4.882,7.407,0.135,tests performed,78.7,65273512,122.578,42,19.718,13.079,38605.671,,86.06,4.77,30.1,35.6,,5.98,82.66,0.901
FRA,Europe,France,2020-11-04,1502763,36330,43438.286,38289,854,392.571,23022.555,556.581,665.481,586.593,13.083,6.014,1.28,4080,62.506,27511,421.473,,,,,,361993,,5.546,316667,4.851,7.29,0.137,tests performed,78.7,65273512,122.578,42,19.718,13.079,38605.671,,86.06,4.77,30.1,35.6,,5.98,82.66,0.901
FRA,Europe,France,2020-11-05,1543321,40558,44027,38674,385,412.714,23643.909,621.355,674.5,592.491,5.898,6.323,1.28,4221,64.666,28403,435.138,,,,,,376158,,5.763,315255,4.83,7.16,0.14,tests performed,78.7,65273512,122.578,42,19.718,13.079,38605.671,,86.06,4.77,30.1,35.6,,5.98,82.66,0.901
FRA,Europe,France,2020-11-06,1601367,58046,45514,39037,363,431,24533.183,889.273,697.281,598.053,5.561,6.603,1.27,4321,66.198,28955,443.595,,,,,,383528,,5.876,311305,4.769,6.84,0.146,tests performed,78.7,65273512,122.578,42,19.718,13.079,38605.671,,86.06,4.77,30.1,35.6,,5.98,82.66,0.901
FRA,Europe,France,2020-11-07,1661853,60486,47124.143,39865,828,471.429,25459.837,926.655,721.949,610.738,12.685,7.222,1.27,4410,67.562,29396,450.351,,,,,,148063,,2.268,307422,4.71,6.524,0.153,tests performed,78.7,65273512,122.578,42,19.718,13.079,38605.671,,86.06,4.77,30.1,35.6,,5.98,82.66,0.901
FRA,Europe,France,2020-11-08,1748705,86852,54868.571,40169,304,483,26790.423,1330.586,840.595,615.395,4.657,7.4,,4527,69.354,30217,462.929,2958.172,45.32,18729.896,286.945,,34096,,0.522,305679,4.683,5.571,0.179,tests performed,78.7,65273512,122.578,42,19.718,13.079,38605.671,,86.06,4.77,30.1,35.6,,5.98,82.66,0.901
FRA,Europe,France,2020-11-09,1787324,38619,53344.143,40439,270,488.571,27382.072,591.649,817.24,619.532,4.136,7.485,,,,,,,,,,,376615,,5.77,295860,4.533,5.546,0.18,tests performed,78.7,65273512,122.578,42,19.718,13.079,38605.671,,86.06,4.77,30.1,35.6,,5.98,82.66,0.901
FRA,Europe,France,2020-11-10,1807479,20155,48720.857,40987,548,507.429,27690.85,308.778,746.411,627.927,8.395,7.774,,,,,,,,,,,,,,,,,,,,65273512,122.578,42,19.718,13.079,38605.671,,86.06,4.77,30.1,35.6,,5.98,82.66,0.901
FRA,Europe,France,2020-11-11,1829659,22180,46699.429,42207,1220,559.714,28030.65,339.801,715.442,646.618,18.691,8.575,,,,,,,,,,,,,,,,,,,,65273512,122.578,42,19.718,13.079,38605.671,,86.06,4.77,30.1,35.6,,5.98,82.66,0.901
FRA,Europe,France,2020-11-12,1865538,35879,46031,42535,328,551.571,28580.322,549.672,705.202,651.643,5.025,8.45,,,,,,,,,,,,,,,,,,,,65273512,122.578,42,19.718,13.079,38605.671,,86.06,4.77,30.1,35.6,,5.98,82.66,0.901
FRA,Europe,France,2020-11-13,1898710,33172,42477.571,42960,425,560.429,29088.522,508.2,650.763,658.154,6.511,8.586,,,,,,,,,,,,,,,,,,,,65273512,122.578,42,19.718,13.079,38605.671,,86.06,4.77,30.1,35.6,,5.98,82.66,0.901